578707477065252865,2015-03-19 23:59:49,@imamoglu53 @Akhadice @uguronal @asilbayburtlu @AK_REIS23 BU SÃ–ZÃœN  ÃœZERÄ°NE CHP.LILER Ä°T LIK YAPIPTA HDP YE OY VERMEZLERMI,,
578707469444190208,2015-03-19 23:59:47,RT @chp_yeni: Akp de Ã¼lkeyi AhÄ±r'a Ã§evirdi ve satacak kurum bÄ±rakma dÄ±... http://t.co/GSeE8F7Oeu,,DÃœNYADA DA UKBADA DA HÄ°ZMET
578707453245788161,2015-03-19 23:59:43,RT @BirlesikMetal: IÅŸsÄ±zlik fonu AKP tarafÄ±ndan yaÄŸmalanÄ±yor! Åu ana kadar toplanan paralarÄ±n sadece %10'u amacÄ±na uygun kullanÄ±labildi httâ€¦,,
578707447629684736,2015-03-19 23:59:42,"RT @DrSinanOgan: ""Bunu etnik kÃ¶kene indirirseniz ayrÄ±ÅŸtÄ±rÄ±rsÄ±nÄ±z ki, AKPâ€™nin â€œsÃ¼reÃ§â€ ile yaptÄ±ÄŸÄ± ve ÅŸimdi kaÃ§maya Ã§alÄ±ÅŸtÄ±ÄŸÄ± hata da bu httpâ€¦",,CHP MALTEPE K.K. BAÅKAN YARD.
578707446941777920,2015-03-19 23:59:41,Selam EzgisÅŸÅŸ ! CHP Ä°ZMÄ°R 2.BÃ–LGE MÄ°LLETVEKÄ°LÄ° ADAY ADAYI Ã‡ETÄ°N ALTINDAÄ http://t.co/JxUvUIlWYy  @valart6,,
578707427035594752,2015-03-19 23:59:37,"RT @DrSinanOgan: ""...Hem HDP hem de AKP ÅŸimdi barÄ±ÅŸa Ã§Ã¶zÃ¼me oynuyor. AKPâ€™nin elinde â€œmaÄŸduriyetâ€ ve â€œparalelâ€ gerekÃ§esi kalmadÄ±."" http://t.â€¦",,
578707423223029760,2015-03-19 23:59:36,"RT @tanikunal: Numan KurtulmuÅŸ, SP'nin baÅŸÄ±nda iken ""iÃ§imizdeki sinsi AKP'liler"" diyordu. O sinsi meÄŸer...  http://t.co/ghtOeTICC4 http://tâ€¦",,tÃ¼rkiye
578707379103145984,2015-03-19 23:59:25,RT @oznser: Mustafa Ozan ÅER - CHP Istanbul 2. BÃ¶lge Aday AdayÄ± - Haziran 2015 Milletvekili SeÃ§imi https://t.co/4PJBWE3dbO,,Istanbul
578707359645708288,2015-03-19 23:59:21,RT @dorduncuatlisi: ENGÄ°N ALAN VE SÄ°NAN OGAN I PARTÄ° DIÅINDA BIRAKAN MHP YÃ–NETÄ°MÄ°NÄ° VE BAHÃ‡ELÄ° NÄ°N AKP EYLE KOALÄ°SYONA HAZIRLANDIÄINI DÃœÅÃœNâ€¦,,Kizzuvatna puduhepa land
578707351798185985,2015-03-19 23:59:19,"gogulun dodulu pastalÄ±ydÄ± yav, allallaa dediydim! bide mhp deÄŸil o, Sinan OÄŸan ayrÄ±ca. http://t.co/HFzfjJwd1a",,
578707342709137408,2015-03-19 23:59:17,"CHP,MHP ve diÄŸer partilerde tartÄ±ÅŸma ve kavga var. Ä°stifa eden edene..","{u'type': u'Point', u'coordinates': [0.0, 0.0]}",
578707333280350209,2015-03-19 23:59:14,"RT @DrSinanOgan: ""Maalesef milletimizi belirsizlikler Ã¼zerine kurulmuÅŸ bir seÃ§im sÃ¼reci bekliyor. HDPâ€™nin ÅŸiÅŸirildiÄŸi, PKKâ€™nÄ±n... http://t.â€¦",,KAYSERÄ°
578707330155429889,2015-03-19 23:59:14,RT @AliHakanYATGIN: Polis haklarÄ± mÃ¼cadelecisi de CHP dedi... #Ã–nSeÃ§imYapanTekParti http://t.co/SPoZvIzg4n,,
578707326619774977,2015-03-19 23:59:13,@fuatavni_f chp yi sevindiren israili sÄ±vazlayan gÃ¶t hoÅŸafÄ± olup Ã§Ä±ktÄ±nÄ±z istediÄŸin kadar yaz keÃ§i boku kadar itibarÄ±nÄ±z yok,,
578707287575040000,2015-03-19 23:59:03,"CHP'li seÃ§menlere(bÃ¼tÃ¼n iyi niyet ve samimiyetle sÃ¶ylÃ¼yorum)Ã¼zÃ¼lÃ¼yorum.HiÃ§bir SeÃ§men K.K.'nu Gen.BÅŸ. olarak,Partisinin baÅŸÄ±nda istemez...",,Arz ile Sema arasÄ±nda
578707222861111296,2015-03-19 23:58:48,"RT @tanikunal: Numan KurtulmuÅŸ, SP'nin baÅŸÄ±nda iken ""iÃ§imizdeki sinsi AKP'liler"" diyordu. O sinsi meÄŸer...  http://t.co/ghtOeTICC4 http://tâ€¦",,TÃœRKÄ°YE
578707205282766848,2015-03-19 23:58:44,RT @oznser: Mustafa Ozan ÅER - CHP Istanbul 2. BÃ¶lge Aday AdayÄ± - Haziran 2015 Milletvekili SeÃ§imi https://t.co/4PJBWE3dbO,,Istanbul
578707202145460224,2015-03-19 23:58:43,"I'm at MHP Genel Merkezi - @mhp_bilgi in Ankara, TÃ¼rkiye https://t.co/mEIaw39ZG7","{u'type': u'Point', u'coordinates': [32.81584064, 39.88914287]}",
578707194729873409,2015-03-19 23:58:41,"RT @emrecikcan06: Mhp Ä°ktidarÄ±nda Akp'nin KaldÄ±rdÄ±ÄŸÄ± AndÄ±mÄ±z Tekrar Geri Gelecektir.Ã‡ocuklarÄ±mÄ±z TÃ¼rkÃ¼m Demekten Utanmayacak,Ã‡ekinmeyecektiâ€¦",,Ankara
578707189344411648,2015-03-19 23:58:40,RT @dorduncuatlisi: SEÃ‡Ä°MLERDE 276 YI BULAMAYACAÄINI ANLAYAN AKP GENÃ‡LERE BÄ°ZE OY VERÄ°RSENÄ°Z SÄ°ZÄ° Ä°ÅE SOKACAÄIZ DÄ°YE KANDIRMAYI PLANLIYOR,,
578707182004367360,2015-03-19 23:58:38,"RT @GokhanBicici: Hasta mahkumlarÄ± pazarlÄ±k unsuru yapan AKP,yetmezmiÅŸ gibi acil tedavi ihtiyacÄ± olanlarÄ± da tutukluyor #ErkineÃ–zgÃ¼rlÃ¼k httâ€¦",,
578707179277942784,2015-03-19 23:58:38,"Zaten %0,01 oy alacak bir partiyi neden kurduysa Emine Hnm?? kÃ¼Ã§Ã¼k partilere verilen her oy AKP nin @yavuzsbozkurt .@EUTarhan @elifcakirr",,
578707178627993600,2015-03-19 23:58:37,RT @DurBirDinlee: Kim Batman'da Newroz kutlamasÄ±na yapÄ±lan polis saldÄ±rÄ±sÄ±nÄ±n HDP korkusundan olmadÄ±ÄŸÄ±nÄ± sÃ¶yleyebilir? AteÅŸle oynuyor RTE sâ€¦,," Turkiye, Turkey World"
578707176534900736,2015-03-19 23:58:37,"KadÄ±kÃ¶y Belediye eski BaÅŸkanÄ± Selami Ã–ztÃ¼rk KadÄ±kÃ¶y iÃ§in, Ä°stanbul iÃ§in, TÃ¼rkiye iÃ§in hazÄ±rÄ±m diyerek Ankara iÃ§in... http://t.co/ZhKUxwkoQw",,TÃ¼rkiye
578707175255777280,2015-03-19 23:58:37,"RT @yildirimyasemin: DemirtaÅŸ'Ä±n Akp ile arasÄ±nda tabiki ""kirli 1 anlaÅŸma"" olamaz! SeÃ§im yatÄ±rÄ±mÄ±nÄ± Akp dÃ¼ÅŸmanlÄ±ÄŸÄ± ve KÃ¼rt dÃ¼ÅŸmanlarÄ± CHP-Mâ€¦",,AkPARTÄ°
578707152518443008,2015-03-19 23:58:31,RT @halkiz_biz: Efsane BaÅŸkan Selami Ã–ztÃ¼rk Parlamento yolunda http://t.co/XlHY4J1mnE @Av_SelamiOzturk  #Ã–nSeÃ§imYapanTekParti http://t.co/Sâ€¦,,Ä°stanbul
578707135476928513,2015-03-19 23:58:27,@alicansinsbeybi @zubeydenu ..pullarda paralarda ve chp nin ambleminde bile kullanÄ±lmÄ±ÅŸ...vefatÄ±ndan sonra hemen bozkurtu da Ã¶ldÃ¼rdÃ¼ler...!!,,
578707114572525568,2015-03-19 23:58:22,RT @1923_volkaN: ''Cemaat vede Akp birlikte devleti paylaÅŸmÄ±ÅŸlardÄ±r.Daha sonra paylaÅŸÄ±m kavgasÄ± Ã§Ä±ktÄ± birileri yok edilmeye Ã§alÄ±ÅŸÄ±lÄ±yor''  â€¦,,
578707108994158592,2015-03-19 23:58:21,RT @AjansaKurdi: #AKP liler Ã¼stÃ¼ne almasin lutfen :) http://t.co/Gh7P9DoL3h,,
578707108834721793,2015-03-19 23:58:21,"RT @DrSinanOgan: ""Maalesef milletimizi belirsizlikler Ã¼zerine kurulmuÅŸ bir seÃ§im sÃ¼reci bekliyor. HDPâ€™nin ÅŸiÅŸirildiÄŸi, PKKâ€™nÄ±n... http://t.â€¦",,CHP MALTEPE K.K. BAÅKAN YARD.
578707067780890625,2015-03-19 23:58:11,"RT @Masal_ortusu: BugÃ¼n 2000 metre rakÄ±mda, Hdp ilÃ§e binasÄ±nÄ±n bile olmadÄ±ÄŸÄ± bir yerde 1000 kiÅŸi ile Newroz ateÅŸi yaktÄ±k.. http://t.co/bhlXâ€¦",,
578707045525913600,2015-03-19 23:58:06,RT @oznser: Mustafa Ozan ÅER - CHP Istanbul 2. BÃ¶lge Aday AdayÄ± - Haziran 2015 Milletvekili SeÃ§imi https://t.co/4PJBWE3dbO,,Istanbul
578707019856752640,2015-03-19 23:58:00,"RT @yildirimyasemin: DemirtaÅŸ'Ä±n Akp ile arasÄ±nda tabiki ""kirli 1 anlaÅŸma"" olamaz! SeÃ§im yatÄ±rÄ±mÄ±nÄ± Akp dÃ¼ÅŸmanlÄ±ÄŸÄ± ve KÃ¼rt dÃ¼ÅŸmanlarÄ± CHP-Mâ€¦",,
578707009765249024,2015-03-19 23:57:57,RT @AgcaagcaMehmet: @sevdamrabbim @Akhadice  BÄ°ZÄ°M CARLÄ°LER TAKSÄ°MDE CHP BARDA BDP Ä°CKÄ°DE SIZMIÅ SIRI SÃœRÃœYÃœ KALDIR FAZIL PÄ°YANO CAL KIRMIZâ€¦,,
578707003956154368,2015-03-19 23:57:56,"RT @tanikunal: Numan KurtulmuÅŸ, SP'nin baÅŸÄ±nda iken ""iÃ§imizdeki sinsi AKP'liler"" diyordu. O sinsi meÄŸer...  http://t.co/ghtOeTICC4 http://tâ€¦",,
578707003637424128,2015-03-19 23:57:56,RT @imamoglu53: HDP'ye oy vermeyi dÃ¼ÅŸÃ¼nen Mustafa Kemal'in askerlerinin bilgisine! SÄ±rrÄ± size it sÃ¼rÃ¼sÃ¼ dedi. http://t.co/LdyymoDfTu,,
578706999636017152,2015-03-19 23:57:55,@Kevkebun @fuatavni_f yeteri kadar mide bulandÄ±rdÄ±nÄ±z zaten! sÄ±ra bir bir sizin de akp nin de ayÄ±klanma vakti! alayÄ±nÄ±z gideceksiniz!,,
578706992694468608,2015-03-19 23:57:53,"Chp,akp, ve mhp yapilan hiÃ§ bir paylaÅŸÄ±m benim deÄŸil.Twitirima virÃ¼s girmiÅŸ akp,chp,mhp ile ilgili payÅŸalÄ±mlarÄ± kendi kendine yapÄ±yor....",,galatasaray 1905 
578706964106113024,2015-03-19 23:57:46,"Mhp Ä°ktidarÄ±nda Akp'nin KaldÄ±rdÄ±ÄŸÄ± AndÄ±mÄ±z Tekrar Geri Gelecektir.Ã‡ocuklarÄ±mÄ±z TÃ¼rkÃ¼m Demekten Utanmayacak,Ã‡ekinmeyecektir..!",,"Ankara,Manisa, Turkey"
578706955100884992,2015-03-19 23:57:44,#Ã–nSeÃ§imYapanTekParti 7 Haziran'da AKP gidici,,"K.maraÃ…Å¸
"
578706955050577920,2015-03-19 23:57:44,"AKP, bu Ã¼lkede tarÄ±mÄ± bitirdi! OY VERME!   #Ã–nSeÃ§imYapanTekParti",,
578706955046367233,2015-03-19 23:57:44,GeleceÄŸe gÃ¼lÃ¼mseyerek bakabilmek iÃ§in CHP   #Ã–nSeÃ§imYapanTekParti,,"Afyon
"
578706954987704320,2015-03-19 23:57:44,Metin olun arkadaÅŸlar. AKP'yi gÃ¶ndericez. Az kaldÄ±.  #Ã–nSeÃ§imYapanTekParti,,"Malatya
"
578706954966687744,2015-03-19 23:57:44,#Ã–nSeÃ§imYapanTekParti AKP'yi yazar kasayla gÃ¶nderecekler. Oh olur.,,"ElazÃ„Â±Ã„Å¸
"
578706954941517824,2015-03-19 23:57:44,#Ã–nSeÃ§imYapanTekParti Demba ba bile Ã¼lkeyi akp'den daha iyi yÃ¶netir.,,
578706932447465472,2015-03-19 23:57:39,RT @BirlesikMetal: IÅŸsÄ±zlik fonu AKP tarafÄ±ndan yaÄŸmalanÄ±yor! Åu ana kadar toplanan paralarÄ±n sadece %10'u amacÄ±na uygun kullanÄ±labildi httâ€¦,,
578706916932714496,2015-03-19 23:57:35,RT @solhaberportali: AKP'li Canikli'den SÃ¼leyman Åah aÃ§Ä±klamasÄ±: 'Suriye rÄ±zam yok derse...Tamam sorun yok' http://t.co/rH68RQQiAg http://tâ€¦,,"New York, NY"
578706884967948288,2015-03-19 23:57:27,"RT @tanikunal: Numan KurtulmuÅŸ, SP'nin baÅŸÄ±nda iken ""iÃ§imizdeki sinsi AKP'liler"" diyordu. O sinsi meÄŸer...  http://t.co/ghtOeTICC4 http://tâ€¦",,
578706881495097345,2015-03-19 23:57:27,Ikisindede tek adam olayi var. HDP'nin apo iti. Onsuz karar alamiyorlar.,,
578706854399860737,2015-03-19 23:57:20,"Hakan Aksay: Evet HDP, Ã§Ã¼nkÃ¼: Umudum ve bir de Ã¶zÃ¼r borcum var http://t.co/MPlLjkcg8Y #t24 @t24comtr aracÄ±lÄ±ÄŸÄ±yla.....â™¥ â™¥ â™¥ â™¥ â™¥.............",,Ä°stanbul/ TÃ¼rkiye
578706850293612544,2015-03-19 23:57:19,RT @KwisatzHader: HDP barajÄ± aÅŸtÄ± da BJK BÃ¼rÃ¼j'Ã¼ aÅŸamadÄ±:((,,
578706837333245952,2015-03-19 23:57:16,@fuatavni_f tamamda seni geren ne...akp de bizim erdoÄŸanda bizim.ulan Ã§alsada helal vursada helal.,,
578706833390567424,2015-03-19 23:57:15,"Lenin TÃ¼rkiye'deki solculuÄŸu gÃ¶rse, yemin ederim Akp'den aday adayÄ± olmak iÃ§in baÅŸvurmuÅŸtu ÅŸimdiye kadar.",,Denizli
578706830525886465,2015-03-19 23:57:14,"RT @drsinanerdil: Gezici araÅŸtÄ±rma ÅŸirketi anketine gÃ¶re AKP'nin oylarÄ±nÄ± geÃ§im sÄ±kÄ±ntÄ±sÄ±, iÅŸsizlik, Ã§Ã¶zÃ¼m sÃ¼reci ve yolsuzluk dÃ¼ÅŸÃ¼rmÃ¼ÅŸ httâ€¦",,
578706829255024640,2015-03-19 23:57:14,"RT @drsinanerdil: Gezici araÅŸtÄ±rma ÅŸirketi anketine gÃ¶re AKP'nin oylarÄ±nÄ± geÃ§im sÄ±kÄ±ntÄ±sÄ±, iÅŸsizlik, Ã§Ã¶zÃ¼m sÃ¼reci ve yolsuzluk dÃ¼ÅŸÃ¼rmÃ¼ÅŸ httâ€¦",,Ä°stanbul
578706825358532609,2015-03-19 23:57:13,"RT @AgcaagcaMehmet: @YT_Temur @akdenizsibel NE FETOÅ MUÅ CHP BDP MHP YETMEDÄ° HELGAYIDA ATEÅLERE SALDI EN HAYÄ°N FÄ°RAVUN LARIN LÄ°DERÄ°, FETOÅ â€¦",,
578706814109421568,2015-03-19 23:57:10,RT @DikenComTr: DemirtaÅŸ: AKPâ€™nin bize sunacaÄŸÄ± hiÃ§bir barÄ±ÅŸ yok  http://t.co/Gpqm20Ox7a http://t.co/lpEFAsSmLk,,Ä°stanbul-TÃ¼rkiye
578706787727237121,2015-03-19 23:57:04,AKP'nin 1 yandan KÃ¼rtlerle mÃ¼zakere yÃ¼rÃ¼tÃ¼p bir yandan milliyetÃ§i tabana oynamasÄ± normal DemirtaÅŸ'Ä±n laiklere seslenmesi ouuv. Olmaz Ã¶yle;),,Istanbul - Turkey
578706763702251521,2015-03-19 23:56:58,Selam ElfinTataroglu ! CHP Ä°ZMÄ°R 2.BÃ–LGE MÄ°LLETVEKÄ°LÄ° ADAY ADAYI Ã‡ETÄ°N ALTINDAÄ http://t.co/rp4FoMBglR  @ElfinTataroglu,,
578706750439858176,2015-03-19 23:56:55,RT @KwisatzHader: HDP barajÄ± aÅŸtÄ± da BJK BÃ¼rÃ¼j'Ã¼ aÅŸamadÄ±:((,,
578706702008229889,2015-03-19 23:56:44,"Esat Kardesimiz de bizi destekliyorken Bu CHP ve HDP nin Bok yemesi,Yeni yeni Ã–rgÃ¼tler Organize edip parasal ve Lojistik destek Saglamak..!!",,
578706692302639104,2015-03-19 23:56:41,@dostIar35 @fuatavni_f aynÄ± sÄ±navÄ±n1. Ve 2. Sinin AKP belediye meclis olduÄŸunu neden soylemiyorsun. Sinek ilacÄ± bile olamayan savar kardeÅŸ.,,
578706681003126785,2015-03-19 23:56:39,RT @orhantuna_anuto: #MHP+BBP=%30&gt; http://t.co/muoPQ1IqH0 DÄ°YENLER RT LÃœTFEN ...,,
578706671784058880,2015-03-19 23:56:37,"RT @DrSinanOgan: ""Neyi izleyecekler? AKPâ€™nin TÃ¼rkiyeâ€™yi PKKâ€™ya peÅŸkeÅŸ Ã§ekmesini mi? Bence ..."" @HaberturkTV #TÃ¼rkiyeninNabzÄ± http://t.co/rAâ€¦",,KAYSERÄ°
578706669670105089,2015-03-19 23:56:36,"@TCVATANATA @DrSinanOgan YÄ±llarca avutulan parti tabanÄ± bÃ¶yle tasfiyelerle cigrindan Ã§Ä±ktÄ±.  400 e yaklaÅŸan akp , eriyen MHP var suan!",,
578706655514390528,2015-03-19 23:56:33,RT @naci_abuska: AKP'yi akp yi baraj altÄ±nda bÄ±rakacak formÃ¼lÃ¼ aÃ§Ä±klÄ±yorum! %10'u geÃ§emezler. http://t.co/A5FZsaqrRG,,"Ankara, Antalya"
578706654172151809,2015-03-19 23:56:32,RT @imamoglu53: HDP'ye oy vermeyi dÃ¼ÅŸÃ¼nen Mustafa Kemal'in askerlerinin bilgisine! SÄ±rrÄ± size it sÃ¼rÃ¼sÃ¼ dedi. http://t.co/LdyymoDfTu,,
578706614414372864,2015-03-19 23:56:23,RT @SeroChp: Ben de HDP'nin barajÄ± aÅŸmasÄ±nÄ± istiyorum. http://t.co/7xb5hKwge0,,EskiÅŸehir
578706601898541056,2015-03-19 23:56:20,RT @ademyavuza: Trollerin anlamadigi su;ABD de siyasiler 29 yasinda bir Iranli 'is adami 'nin Ã¶nÃ¼ne yatamaz.Bu isler parayla olsa AKP yaparâ€¦,,
578706598375374849,2015-03-19 23:56:19,"RT @DrSinanOgan: â€œ#MHP, terÃ¶ristlerle ve terÃ¶r yardakÃ§Ä±larÄ±yla aynÄ± masaya oturmaz.â€ #TÃ¼rkiyeninNabzÄ± @HaberturkTV",,KAYSERÄ°
578706557707427841,2015-03-19 23:56:09,Roboskili aileler: ErdoÄŸan ve AKP hesap vermekle yÃ¼kÃ¼mlÃ¼dÃ¼r (Y.O.Haber) http://t.co/tZX1IgioRY,,"Kurdistan, Europe, USA & Asia"
578706526086508544,2015-03-19 23:56:02,"AKP ve HDP arasinda hicbir fark yok. Ikiside islerine gelince demokrasi-baris, islerine gelmeyince tehtit.",,
578706524891148289,2015-03-19 23:56:02,RT @imamoglu53: HDP'ye oy vermeyi dÃ¼ÅŸÃ¼nen Mustafa Kemal'in askerlerinin bilgisine! SÄ±rrÄ± size it sÃ¼rÃ¼sÃ¼ dedi. http://t.co/LdyymoDfTu,,"Menderes, Ä°zmir"
578706521187561472,2015-03-19 23:56:01,Selam Rticii :) ! CHP Ä°ZMÄ°R 2.BÃ–LGE MÄ°LLETVEKÄ°LÄ° ADAY ADAYI Ã‡ETÄ°N ALTINDAÄ http://t.co/JxUvUIlWYy  @RtSteps1,,
578706515747610624,2015-03-19 23:55:59,RT @ozgurcapulclar: MuÄŸla'da Newroz HDP Ä°stanbul m.vekili aday adayÄ± PÄ±nar AydÄ±nlar'Ä±n da katÄ±lÄ±mÄ± ile bÃ¼yÃ¼k bir coÅŸkuyla kutlandÄ±.... httpâ€¦,,  KURDISTAN
578706450060546048,2015-03-19 23:55:44,Nusret Demiral vardÄ±.  SeÃ§imlere 1 ay kala ezan TÃ¼rkÃ§e okunsun demiÅŸti. Ah MHP ah. http://t.co/NLP9HARpDV,,BulutlarÄ±n Ã¼zeri.
578706444926783488,2015-03-19 23:55:42,RT @ulusalkanal: Amiral Soner Polat'tan MHP'ye balyoz gibi yanÄ±t http://t.co/Zqt3xXayy4 http://t.co/KAcwpO29pv,,
578706442879893504,2015-03-19 23:55:42,RT @AjansaKurdi: #AKP liler Ã¼stÃ¼ne almasin lutfen :) http://t.co/Gh7P9DoL3h,,
578706439541112833,2015-03-19 23:55:41,#AhaberGÃ¼ndem Tarhan'dan CHP'ye sert sÃ¶zler: Anadolu Partisi Genel BaÅŸkanÄ± Emine Ãœlker Tarhan SÃ¶z Bitmedenâ€™in ... http://t.co/OQr7WnksU5,,
578706437825773569,2015-03-19 23:55:41,"RT @milkeryucel: HDP, AKP karÅŸÄ±tÄ±ymÄ±ÅŸ gibi solu avlamaya; AKP, PKK karÅŸÄ±tÄ±ymÄ±ÅŸ gibi milliyetÃ§ileri avlamaya Ã§alÄ±ÅŸÄ±yor.Stratejik mÃ¼ttefiklerâ€¦",,GAZÄ°ANTEP TURKEY
578706409317117952,2015-03-19 23:55:34,@01pasabeyi @Yeni_CHP  Cumhur bs.secimindede onsecim yaptida gurup baÅŸkanlarÄ± ekmelin adaylÄ±ÄŸÄ±nÄ± tv den duydu.,,wrc-com@hotmail.com
578706394481819648,2015-03-19 23:55:30,@fuatavni_f ----AKP BU VÄ°DEO'DA FENA UTANDI---i http://t.co/RXvRzi3Q3u http://t.co/RXvRzi3Q3u http://t.co/RXvRzi3Q3u http://t.co/RXvRzi3Q3u,,Ä°stanbul
578706374303023104,2015-03-19 23:55:26,"RT @essskutlay: ""Tayyip'e Ä°nat Oyum HDP'ye"" diyen Ä°t SÃ¼rÃ¼lerine derinden ve serinden selamlar!!! ;)) http://t.co/9w6Hs5kIT2",,
578706356011683842,2015-03-19 23:55:21,RT @halkiz_biz: Efsane BaÅŸkan Selami Ã–ztÃ¼rk Parlamento yolunda http://t.co/XlHY4J1mnE @Av_SelamiOzturk  #Ã–nSeÃ§imYapanTekParti http://t.co/Sâ€¦,,
578706355906846720,2015-03-19 23:55:21,RT @halkiz_biz: Efsane BaÅŸkan Selami Ã–ztÃ¼rk Parlamento yolunda http://t.co/XlHY4J1mnE @Av_SelamiOzturk  #Ã–nSeÃ§imYapanTekParti http://t.co/Sâ€¦,,
578706355822936064,2015-03-19 23:55:21,RT @halkiz_biz: Efsane BaÅŸkan Selami Ã–ztÃ¼rk Parlamento yolunda http://t.co/XlHY4J1mnE @Av_SelamiOzturk  #Ã–nSeÃ§imYapanTekParti http://t.co/Sâ€¦,,
578706355403501568,2015-03-19 23:55:21,RT @halkiz_biz: Efsane BaÅŸkan Selami Ã–ztÃ¼rk Parlamento yolunda http://t.co/XlHY4J1mnE @Av_SelamiOzturk  #Ã–nSeÃ§imYapanTekParti http://t.co/Sâ€¦,,Ä°zmir
578706355336396800,2015-03-19 23:55:21,RT @halkiz_biz: Efsane BaÅŸkan Selami Ã–ztÃ¼rk Parlamento yolunda http://t.co/XlHY4J1mnE @Av_SelamiOzturk  #Ã–nSeÃ§imYapanTekParti http://t.co/Sâ€¦,,Ä°zmir
578706355239944192,2015-03-19 23:55:21,RT @halkiz_biz: Efsane BaÅŸkan Selami Ã–ztÃ¼rk Parlamento yolunda http://t.co/XlHY4J1mnE @Av_SelamiOzturk  #Ã–nSeÃ§imYapanTekParti http://t.co/Sâ€¦,,Ä°zmir
578706354942173184,2015-03-19 23:55:21,RT @halkiz_biz: Efsane BaÅŸkan Selami Ã–ztÃ¼rk Parlamento yolunda http://t.co/XlHY4J1mnE @Av_SelamiOzturk  #Ã–nSeÃ§imYapanTekParti http://t.co/Sâ€¦,,
578706322469871616,2015-03-19 23:55:13,RT @oznser: Mustafa Ozan ÅER - CHP Istanbul 2. BÃ¶lge Aday AdayÄ± - Haziran 2015 Milletvekili SeÃ§imi https://t.co/4PJBWE3dbO,,Istanbul
578706307944968192,2015-03-19 23:55:10,"RT @essskutlay: ""Tayyip'e Ä°nat Oyum HDP'ye"" diyen Ä°t SÃ¼rÃ¼lerine derinden ve serinden selamlar!!! ;)) http://t.co/9w6Hs5kIT2",,AkPARTÄ°
578706306967605248,2015-03-19 23:55:10,RT @aktif_haber: AKP'li Ä°l BaÅŸkanÄ± ErdoÄŸan'a 'Halife' Dedi! http://t.co/JEkAzHuoYA http://t.co/dA3CC0hAfe,,
578706304895737859,2015-03-19 23:55:09,RT @oznser: Mustafa Ozan ÅER - CHP Istanbul 2. BÃ¶lge Aday AdayÄ± - Haziran 2015 Milletvekili SeÃ§imi https://t.co/4PJBWE3dbO,,Istanbul
578706303658360833,2015-03-19 23:55:09,Selam Kara GÃ¼n ! CHP Ä°ZMÄ°R 2.BÃ–LGE MÄ°LLETVEKÄ°LÄ° ADAY ADAYI Ã‡ETÄ°N ALTINDAÄ http://t.co/rp4FoMBglR  @zuzuda12,,
578706295647285249,2015-03-19 23:55:07,"RT @fuatavni_f: 10.Ä°Ã§ GÃ¼venlik YasasÄ± ile HDP karÅŸÄ±sÄ±nda Ã§aresiz kalan, yaptÄ±ÄŸÄ± Ã§Ä±kÄ±ÅŸlarla ekonomiyi baltalayan Yezid gÃ¼ndemi deÄŸiÅŸtirmek iâ€¦",,ERZURUM #SAPACA#
578706245726646272,2015-03-19 23:54:55,RT @EmreUslu: Ben sÃ¶yledim Devlet BahÃ§eli AKP'nin iÅŸine taÅŸ koymaz. AKP'ye en iyi muhalefeti yapan @DrSinanOgan a hayÄ±r demiÅŸ  SinanOÄŸanYokâ€¦,,
578706242127925248,2015-03-19 23:54:54,@Chav3000 gÃ¶tÃ¼rÃ¼yor. KorkularÄ± bundan! HDP TÃ¼rkiye nin aydÄ±nlÄ±k ve ilerici yÃ¼zÃ¼dÃ¼r!,,
578706224939724800,2015-03-19 23:54:50,RT @Emmoglu35: ErdoÄŸan gidemeyince maketi yapÄ±lmÄ±ÅŸ ;)) BÃ¶yle bir maketi CHP yaptÄ±rsaydÄ± adÄ± ne olurdu biliyon de mi emmoÄŸlu? 'Put'! http://â€¦,,
578706217054371840,2015-03-19 23:54:48,RT @Pleiadesim: @yvzah MHP bence (Ã§ok yÃ¼ksek olmayan) cemaatci oylara deÄŸil ABD ye selam duruyor. GÃ¼ven tazeliyor. Bu konuda CHP ile yarÄ±ÅŸ â€¦,,
578706216869826560,2015-03-19 23:54:48,RT @chp_yeni: Akp bÃ¼yÃ¼k bir hÄ±zla eriyor...   http://t.co/coQRTwHal6,,
578706208137310208,2015-03-19 23:54:46,"RT @zea_1111: HDP.iÃ§inde etkin olan Nato Gladiosu. AmerikalÄ± HocanÄ±n tÄ±pÄ±ÅŸ tÄ±pÄ±ÅŸ emrine girdi.Demek ki,AmerikalÄ± Hoca Hepsinin PatronuymuÅŸ â€¦",,
578706195684413440,2015-03-19 23:54:43,"""Tayyip'e Ä°nat Oyum HDP'ye"" diyen Ä°t SÃ¼rÃ¼lerine derinden ve serinden selamlar!!! ;)) http://t.co/9w6Hs5kIT2",,
578706193016815616,2015-03-19 23:54:42,RT @oznser: Mustafa Ozan ÅER - CHP Istanbul 2. BÃ¶lge Aday AdayÄ± - Haziran 2015 Milletvekili SeÃ§imi https://t.co/4PJBWE3dbO,,Istanbul
578706190697287681,2015-03-19 23:54:42,GÃ¼zelbahÃ§e CHP Ä°lÃ§e BaÅŸkanlÄ±ÄŸÄ±nda partili arkadaÅŸlarÄ±mla buluÅŸtum. http://t.co/nya0IHU9z6,,Ä°ZMÄ°R
578706138981666816,2015-03-19 23:54:30,"RT @SenUyuTurkiye: AYM BaÅŸkanvekili: ""AKP'den aday olmasÄ± iÃ§in oÄŸlumu zorlamÄ±ÅŸlar""!!! http://t.co/zts1VfVYmQ",,cetinkaya_at@hotmail.com
578706124880392192,2015-03-19 23:54:26,RT @1453_Fatih_Yili: @AgcaagcaMehmet @oguzkocaman3 CHP'DE TOPLAR EKSÄ°K OLMADI KI HAFIF TOP  OLSA NE OLUR AÄIR TOP OLSA NE OLUR,,"Menderes, Ä°zmir"
578706124200869888,2015-03-19 23:54:26,@fuatavni_f -_-AKP BU VÄ°DEO'DA FENA UTANDI-_- http://t.co/RXvRzi3Q3u http://t.co/RXvRzi3Q3u http://t.co/RXvRzi3Q3u http://t.co/RXvRzi3Q3u,,Ä°stanbul
578706121642385408,2015-03-19 23:54:25,"Cemaatin bugÃ¼ne kadar mantÄ±ÄŸÄ± kÃ¶prÃ¼yÃ¼ geÃ§ene kadar ayÄ±ya (DSP, Ã‡EVÄ°K BÄ°R,CHP.ABD, Ä°SRAÄ°L, AVRUPA) dayÄ± demekti. #ReisAlmanaDemokrasiGetir",,
578706116391006208,2015-03-19 23:54:24,RT @ozturkgamgam318: LiderDediÄŸin Ã–nSeÃ§imeGirer Ã‡ocuklarÄ±mÄ±zÄ±n geleceÄŸinden endiÅŸe duymayacaÄŸÄ±mÄ±z bir dÃ¼zen iÃ§in CHP  http://t.co/ddfxmfi0Yl,,
578706114302386177,2015-03-19 23:54:24,RT @chp_yeni: ErdoÄŸan ve Akp Pkk'dan daha tehlikeli.... #18Mart1915 http://t.co/2WIMoUL8p0,,
578706113052467200,2015-03-19 23:54:23,RT @imamoglu53: HDP'ye oy vermeyi dÃ¼ÅŸÃ¼nen Mustafa Kemal'in askerlerinin bilgisine! SÄ±rrÄ± size it sÃ¼rÃ¼sÃ¼ dedi. http://t.co/LdyymoDfTu,,Ebediyet yolcusu
578706107591446528,2015-03-19 23:54:22,RT @hurhaber1: HDP'den KÄ±lÄ±Ã§daroÄŸlu aÃ§Ä±klamasÄ± | HÃ¼rhaber: http://t.co/hsUpT4omFf http://t.co/xYqzhA6rqs,,GÃ–LGELELR UZUN YAÅAMAZ
578706104886132736,2015-03-19 23:54:21,Selam TAM BAÄIMSIZ TÃœRKÄ°YE ! CHP Ä°ZMÄ°R 2.BÃ–LGE MÄ°LLETVEKÄ°LÄ° ADAY ADAYI Ã‡ETÄ°N ALTINDAÄ http://t.co/JxUvUIlWYy  @kurtulusunsesi,,
578706085583933440,2015-03-19 23:54:17,RT @chp_yeni: ErdoÄŸan ve Akp Pkk'dan daha tehlikeli.... #18Mart1915 http://t.co/2WIMoUL8p0,,Emekli/ISTANBUL
578706059545743360,2015-03-19 23:54:11,RT @aydinlikcilar: Engin Alan'Ä± ve yÃ¼zlerce subayÄ± kumpasla hapse atan Yurt AtayÃ¼n MHP'den aday adayÄ±. http://t.co/hCcbS8VSZf,,stockholme-Ä°sveÃ§
578706049953341440,2015-03-19 23:54:08,"@Chav3000 Her tarafa yayÄ±lÄ±yor diye panik olmaya baÅŸladÄ±lar. HDP gittiÄŸi yere barÄ±ÅŸÄ±, kardeÅŸliÄŸi, hoÅŸgÃ¶rÃ¼yÃ¼ ve ilkeli demokratik anlayÄ±ÅŸÄ±",,
578706041094991872,2015-03-19 23:54:06,RT @NorZartonk: Nor Zartonkâ€™un HDPâ€™li Ermeni vekil adaylarÄ±ndan ErdoÄŸanâ€™a tepki http://t.co/iMvqrIFFYS http://t.co/jEtT6LuWHT,,  KURDISTAN
578706029573181440,2015-03-19 23:54:03,"HDP oldukÃ§a, Tayyip ErdoÄŸan BaÅŸkan olamayacakmÄ±ÅŸ! Pehh.! SÃ¶nÃ¼k.! Hissiz.! @hdpdemirtas DemirtaÅŸ, kalbitaÅŸ.!",,
578705992533323776,2015-03-19 23:53:55,RT @AkGercekler: CHP'de kazan kaynÄ±yor.. http://t.co/zsLHjJvd80,,TRAKYA
578705956701401090,2015-03-19 23:53:46,@haykobagdat hayko yorumlarÄ±n cocuk gibi yok hdp barajÄ± aÅŸamassa CHP sineyi millete gidecek diyorsun hay seni oraya gazeteci diye koyana slm,,
578705934551261184,2015-03-19 23:53:41,@Brezilya Olgun dÃ¶nem kÃ¶tÃ¼. Ya HDP ya HDP baÅŸka ihtimal yok.,,Ä°stanbul
578705932571582464,2015-03-19 23:53:40,@AK__YUREK  SIRI AL CARLÄ° AYAÅLARINI DESTEÄE GÄ°T SENÄ° BEKLER CARLÄ°LER TOPLA CHP LÄ° BDP LÄ° AYAÅLARI Ä°CKÄ° BELEÅ GEBERENE KADAR YOLUNUZ VAR,,
578705916566048768,2015-03-19 23:53:37,"@vekilince Sayin ince,chp'nin son kurultayinda,baykal son anda sizi nicin ve neye Satti.Sizce gandi kemal karsiliginda ne vermis olabilir?.",,
578705891710668800,2015-03-19 23:53:31,Ä°smet Ã–zel'den AKP'ye aÄŸÄ±r eleÅŸtiriler http://t.co/42SCol1GPf @zamancomtr aracÄ±lÄ±ÄŸÄ±yla,,baÄŸcÄ±lar'dan bildiriyor 
578705888032219136,2015-03-19 23:53:30,CHP'de kazan kaynÄ±yor.. http://t.co/zsLHjJvd80,,Ä°stanbul - #AkEkip - Ø¢Ù‚ Ú¯Ø±Ú†ÙƒÙ„Ø±
578705883506544640,2015-03-19 23:53:29,Selam M.Kamil Turan ! CHP Ä°ZMÄ°R 2.BÃ–LGE MÄ°LLETVEKÄ°LÄ° ADAY ADAYI Ã‡ETÄ°N ALTINDAÄ http://t.co/rp4FoMBglR  @m_kamilturan,,
578705859271909376,2015-03-19 23:53:23,"oral Ã§alÄ±ÅŸlar'Ä±n tarihsel rolÃ¼, mikserlik. yok ""kandil-hdp yÃ¶netim kademesindeki marjinaller"" yok ""demirtaÅŸ-Ã¶calan"" arasÄ±ndaki gÃ¶rÃ¼ÅŸ aÃ§Ä±sÄ±..",,istanbul
578705859016040448,2015-03-19 23:53:23,RT @AgcaagcaMehmet: @sevdamrabbim @Akhadice  BÄ°ZÄ°M CARLÄ°LER TAKSÄ°MDE CHP BARDA BDP Ä°CKÄ°DE SIZMIÅ SIRI SÃœRÃœYÃœ KALDIR FAZIL PÄ°YANO CAL KIRMIZâ€¦,,
578705852707786752,2015-03-19 23:53:21,RT @Emmoglu35: ErdoÄŸan gidemeyince maketi yapÄ±lmÄ±ÅŸ ;)) BÃ¶yle bir maketi CHP yaptÄ±rsaydÄ± adÄ± ne olurdu biliyon de mi emmoÄŸlu? 'Put'! http://â€¦,,
578705851424366592,2015-03-19 23:53:21,RT @oznser: Mustafa Ozan ÅER - CHP Istanbul 2. BÃ¶lge Aday AdayÄ± - Haziran 2015 Milletvekili SeÃ§imi https://t.co/4PJBWE3dbO,,Istanbul
578705848475738112,2015-03-19 23:53:20,RT @demok_ratus: AKP'nin uykularÄ±nÄ± kaÃ§Ä±ran ittifak. MHP+BBP=%30 @dbdevletbahceli @meral_aksener @LutfuTurkkan @oktayvural  http://t.co/Asoâ€¦,,
578705846663802880,2015-03-19 23:53:20,Efsane BaÅŸkan Selami Ã–ztÃ¼rk Parlamento yolunda http://t.co/hBS9x9jCwu,,TÃ¼rkiye
578705845460041728,2015-03-19 23:53:20,RT @oznser: Mustafa Ozan ÅER - CHP Istanbul 2. BÃ¶lge Aday AdayÄ± - Haziran 2015 Milletvekili SeÃ§imi https://t.co/4PJBWE3dbO,,Istanbul
578705843702620160,2015-03-19 23:53:19,RT @oznser: Mustafa Ozan ÅER - CHP Istanbul 2. BÃ¶lge Aday AdayÄ± - Haziran 2015 Milletvekili SeÃ§imi https://t.co/4PJBWE3dbO,,Istanbul
578705808009072641,2015-03-19 23:53:11,@haber turk #OktayVuralaSorun  oktay bye sorrmisniz bn akp li olark halkn buyuk cogunlugunu aln cumhurbskanini mecliste sni tanmyoruz dedler,,
578705785368285184,2015-03-19 23:53:05,"AKP, aslÄ±nda Trabzonda sÄ±fÄ±r Ã§ekmesi gerekir!",,
578705779504603136,2015-03-19 23:53:04,RT @siyahgolgem: NEYMÄ°Å AKP DÃ–NEMNDE EÅKÄ°YA TERÃ–RÄ°ST OLURSAN SENÄ° HEM KORUYORLAR HEMDE NE BOK YAPARSAN YAP DOKUNMUYORLAR HA BÄ°RDE DÃœÄÃœNÃœNE â€¦,,
578705778862866432,2015-03-19 23:53:04,"RT @TCVATANATA: Alcakca tasfiye edilen sayin @DrSinanOgan icin ""ama secimde #mhp'ye oy verecek biliyor musunuz"" diye kendini avutan ulkuculâ€¦",,
578705765831204864,2015-03-19 23:53:01,"RT @gazinobeyazkule: @SerpilnazG AKP; seÃ§im kazanmak iÃ§in her ÅŸeyci olur, bu kadar basit!?:-) @a41turk http://t.co/6PtXgTEtRJ",,
578705758172422144,2015-03-19 23:52:59,Efsane BaÅŸkan Selami Ã–ztÃ¼rk Parlamento yolunda http://t.co/XlHY4J1mnE LiderDediÄŸin Ã–nSeÃ§imeGirer @Av_SelamiOzturk http://t.co/z864hlpuvi,,TÃ¼rkiye
578705744196997120,2015-03-19 23:52:55,"RT @gazinobeyazkule: @SerpilnazG Sorun da; bu zaten, insanlar anlayabilse, AKP biter giderdi!?:-) @a41turk http://t.co/zhnMTuTzJ5",,
578705714895560705,2015-03-19 23:52:48,@vekilince chp nin dolayÄ±sÄ±yla hiÃ§ sorunun olmadÄ±ÄŸÄ± bir TÃ¼rkiye Ã¶zlemimiz,,
578705709535199232,2015-03-19 23:52:47,@DrSinanOgan  TÃ¼rk siyasetinden umudum kalmadÄ± .son umudum Sinan ogandÄ±.  MHPnin iktidar hayali bitmiÅŸtir.  Birileri yine AKP ye calismistir,,turkey
578705706012033026,2015-03-19 23:52:46,RT @mrtgezici: @geziciarastirma BaÅŸkanÄ± @mrtgezici AKP'de sert dÃ¼ÅŸÃ¼ÅŸ baÅŸladÄ± @SozcuGazetesi http://t.co/VlMeyXvexh,,"KÃ„Â±rÃ…Å¸ehir
"
578705703436742658,2015-03-19 23:52:46,AK PARTÄ°'DEN (AKP) MÄ°LLETVEKÄ°LÄ° ADAY ADAYLIÄI BAÅVURUSU YAPAN Ä°SÄ°MLER http://t.co/axFrOooHuh @41havadis aracÄ±lÄ±ÄŸÄ±yla,,Kocaeli
578705701708685312,2015-03-19 23:52:45,"RT @DrSinanOgan: ""Bunu etnik kÃ¶kene indirirseniz ayrÄ±ÅŸtÄ±rÄ±rsÄ±nÄ±z ki, AKPâ€™nin â€œsÃ¼reÃ§â€ ile yaptÄ±ÄŸÄ± ve ÅŸimdi kaÃ§maya Ã§alÄ±ÅŸtÄ±ÄŸÄ± hata da bu httpâ€¦",,Ã‡orum
578705700999864321,2015-03-19 23:52:45,"#Besiktas112YasÄ±nda LiderDediÄŸin Ã–nSeÃ§imeGirer #Ã–nSeÃ§imYapanTekParti HDP TÃ¼rkiyelileÅŸmiyor diye eleÅŸtiri yapanlar, HDP nin TÃ¼rkiyelileÅŸiyor",,
578705693672382466,2015-03-19 23:52:43,RT @genculkuculer: MilliyetÃ§i muhafazakar taban bÃ¼yÃ¼k ittifakÄ± beklentisi AKP'nin Ã¼rkÃ¼tÃ¼yor. EÄŸer bu ittifak olursa iktidara yÃ¼rÃ¼rÃ¼z. http:â€¦,,
578705674407972864,2015-03-19 23:52:39,Selam imbatlArda ! CHP Ä°ZMÄ°R 2.BÃ–LGE MÄ°LLETVEKÄ°LÄ° ADAY ADAYI Ã‡ETÄ°N ALTINDAÄ http://t.co/JxUvUIlWYy  @_ArdArda_,,
578705628295774209,2015-03-19 23:52:28,RT @Profiozturk: 12 senede bu kadar bÃ¼yÃ¼k beyin erozyonunu yapan gÃ¢vurlar olsa savaÅŸ aÃ§ardÄ±k. MEB nesli yok ediyor. AKP liderliÄŸinde.,,"ÃœskÃ¼dar
"
578705618434822144,2015-03-19 23:52:25,RT @O_KaanMHP: UykularÄ± kaÃ§Ä±yor. MHP Geliyor.  http://t.co/ryy0liXw0y http://t.co/9vJnSCf8FR,,
578705604568576002,2015-03-19 23:52:22,RT @06melihgokcek: SEVGÄ°LÄ° CHP'LÄ°LER BÄ°Z YAPSAK MANÅETTEN Ä°NDÄ°RMEZSÄ°NÄ°Z... BÄ°RÄ°LERÄ°NÄ°N SÃ–ZCÃœ'SÃœ NÄ°YE HABER YAPMAZ KÄ°? http://t.co/yLIa3rYdQM,,
578705589771112448,2015-03-19 23:52:19,@dorduncuatlisi @devecihukuk sinan oÄŸan sÄ±z MHP. Olamazz,,TÃœRKÄ°YE CUMHURÄ°YETÄ° BAKÄ°DÄ°R
578705586738622467,2015-03-19 23:52:18,"RT @berberoglu79: Chp bu vatana degil bir Ã§ivi Ã§akmak,   HazÄ±r Ã‡akÄ±lmÄ±ÅŸ Ã‡ivileri bile sÃ¶kmÃ¼ÅŸ .  #EdepYaHu http://t.co/0EFLbw9HCV",,"Menderes, Ä°zmir"
578705578467422208,2015-03-19 23:52:16,"RT @berberoglu79: Chp bu vatana degil bir Ã§ivi Ã§akmak,   HazÄ±r Ã‡akÄ±lmÄ±ÅŸ Ã‡ivileri bile sÃ¶kmÃ¼ÅŸ .  #EdepYaHu http://t.co/0EFLbw9HCV",,izmir
578705568430448640,2015-03-19 23:52:14,MHP tarlasÄ±nÄ±n sÃ¼rÃ¼ldÃ¼ÄŸÃ¼nÃ¼n en bÃ¼yÃ¼k kanÄ±tÄ± - http://t.co/MjbxMehtwu http://t.co/tveoYZIymN,,
578705557470642177,2015-03-19 23:52:11,#Ã–nSeÃ§imYapanTekParti KadÄ±na seÃ§me ve seÃ§ilme hakkÄ±nÄ± da verip birde seÃ§im yapsa sÃ¼per olacakken fÄ±rsat bulamadan iktidar olan CHP TEBRÄ°KLER,,TBMM / Ankara - TÃœRKÄ°YE 
578705557361717250,2015-03-19 23:52:11,Efsane BaÅŸkan Selami Ã–ztÃ¼rk Parlamento yolunda http://t.co/XlHY4J1mnE @Av_SelamiOzturk  #Ã–nSeÃ§imYapanTekParti http://t.co/SumcdttwHg,,TÃ¼rkiye
578705555965014019,2015-03-19 23:52:11,RT @chp_yeni: ErdoÄŸan ve Akp Pkk'dan daha tehlikeli.... #18Mart1915 http://t.co/2WIMoUL8p0,,Bergama 1 NO'LU ASM
578705550705364993,2015-03-19 23:52:09,"Alcakca tasfiye edilen sayin @DrSinanOgan icin ""ama secimde #mhp'ye oy verecek biliyor musunuz"" diye kendini avutan ulkuculer, ulkuculerimiz",,VenÃ¼s
578705549061128193,2015-03-19 23:52:09,RT @AjansaKurdi: #AKP liler Ã¼stÃ¼ne almasin lutfen :) http://t.co/Gh7P9DoL3h,,
578705539095486465,2015-03-19 23:52:07,"RT @T_U_R_K_h_A_N: TC-YÄ° KIYAMETE,KADAR AKP Ä°LE KÃœRT-YÃ–NETMESÄ°-Ä°Ã‡Ä°N  AKP Ä°LE KÃœRT NE YAPARSA NASIL-ANLAÅIRLARSA  ATATÃœRKÃ‡Ãœ SUSCAKMIÅ ,  TÃœRâ€¦",,
578705519403204608,2015-03-19 23:52:02,#OktayVuralaSorun sn wekÄ±lÄ±m mhp partÄ±nÄ±zÄ±n ana muhalefet olma Ä±htÄ±malÄ± yuzde kac,,
578705509592739840,2015-03-19 23:51:59,RT @oznser: Mustafa Ozan ÅER - CHP Istanbul 2. BÃ¶lge Aday AdayÄ± - Haziran 2015 Milletvekili SeÃ§imi https://t.co/4PJBWE3dbO,,Istanbul
578705471047102465,2015-03-19 23:51:50,Selam . ! CHP Ä°ZMÄ°R 2.BÃ–LGE MÄ°LLETVEKÄ°LÄ° ADAY ADAYI Ã‡ETÄ°N ALTINDAÄ http://t.co/rp4FoMBglR  @gidelimkaptann,,
578705470908706817,2015-03-19 23:51:50,RT @1453_Fatih_Yili: @AgcaagcaMehmet @oguzkocaman3 CHP'DE TOPLAR EKSÄ°K OLMADI KI HAFIF TOP  OLSA NE OLUR AÄIR TOP OLSA NE OLUR,,TÃœRKÄ°YE
578705462658494464,2015-03-19 23:51:48,CHP gelecek katiller hesap verecek http://t.co/SqPR2viPsG  LiderDediÄŸin Ã–nSeÃ§imeGirer,,"Mardin
"
578705459273723904,2015-03-19 23:51:47,@neldaportakal @OguzB1907Ã–nce 12eylÃ¼l sonra AKP demokrasinin ayaklarÄ±nÄ± kestiler. Demokrasimiz kÃ¶tÃ¼rÃ¼m ÅŸu anda.,,AydÄ±n Efeler Mimar Sinan M.
578705457616953344,2015-03-19 23:51:47,RT @AjansaKurdi: #AKP liler Ã¼stÃ¼ne almasin lutfen :) http://t.co/Gh7P9DoL3h,,
578705452197920768,2015-03-19 23:51:46,LiderDediÄŸin Ã–nSeÃ§imeGirer Ä°ktidar alternatifi tek parti CHP'dir,,"Bolu
"
578705449194749952,2015-03-19 23:51:45,RT @mrtgezici: @geziciarastirma BaÅŸkanÄ± @mrtgezici 2015 genel seÃ§im anketi: Ä°ÅŸte AKP'nin oyu @cumhuriyetgzt http://t.co/3fF1DpgSSa,,
578705448070725632,2015-03-19 23:51:45,"Meclis meclis deÄŸil, dÃ¶vÃ¼ÅŸ kulÃ¼bÃ¼. AKP'den kurtulunca bu dertler bitecek.  LiderDediÄŸin Ã–nSeÃ§imeGirer",,ÅanlÄ±urfa
578705446942429185,2015-03-19 23:51:45,LiderDediÄŸin Ã–nSeÃ§imeGirer Akp dÃ¶neminde emekliler mutsuz http://t.co/mVigbfwTCW,,
578705429892579328,2015-03-19 23:51:40,Ã–nyargÄ±lardan kurtulmak iÃ§in CHP  LiderDediÄŸin Ã–nSeÃ§imeGirer,,"Kayseri
"
578705429011759104,2015-03-19 23:51:40,Ãœniversitelerde Ã¶ÄŸrenci odaklÄ± eÄŸitim iÃ§in CHP  LiderDediÄŸin Ã–nSeÃ§imeGirer,,Tamam
578705426520363008,2015-03-19 23:51:40,LiderDediÄŸin Ã–nSeÃ§imeGirer AKP ELÄ°NÄ° CEBÄ°MÄ°ZDEN Ã‡EK,,
578705424641368065,2015-03-19 23:51:39,RT @orhanaydin6: GeÃ§im sÄ±kÄ±ntÄ±sÄ± Ä°ÅŸsizlik Ã‡Ã¶zÃ¼m sÃ¼reci Ak Saray Yolsuzluk AKP'ne oy kaybettiriyormuÅŸ!  Bu algÄ±nÄ±n bu kadar geÃ§ oluÅŸmasÄ± ne â€¦,,
578705422858719232,2015-03-19 23:51:39,iÅŸsizlik bitsin diye chp  http://t.co/VmjWy2F0vX  LiderDediÄŸin Ã–nSeÃ§imeGirer,,"Trabzon
"
578705422187646976,2015-03-19 23:51:39,AKP dÃ¶nemi yalanlarÄ±ndan bir kaÃ§Ä±! http://t.co/iodsEOyl5l,,
578705377916764161,2015-03-19 23:51:28,GerÃ§ek Ã§Ã¶zÃ¼m sÃ¼reci CHP'de   LiderDediÄŸin Ã–nSeÃ§imeGirer,, TÃ¼rkiye
578705374175490048,2015-03-19 23:51:27,"LiderDediÄŸin Ã–nSeÃ§imeGirer  CHP iÃ§in en temel amaÃ§lardan biri, halka nitelikli ve kapsamlÄ± hizmetler sunmaktÄ±r.",,"Kayseri
"
578705369821757440,2015-03-19 23:51:26,"Merkez BankasÄ±'na mÃ¼dahele edilmesini yanlÄ±ÅŸtÄ±r, sadece bu bile AKP gitsin demeye yeterli.  LiderDediÄŸin Ã–nSeÃ§imeGirer",,Ä°stanbul
578705367833681920,2015-03-19 23:51:26,LiderDediÄŸin Ã–nSeÃ§imeGirer  TÃ¼rkiye Cumhiyeti tarihindeki yolsuzluÄŸu kim yaptÄ±? AKP,,DÃ¼zce
578705366927720448,2015-03-19 23:51:25,LiderDediÄŸin Ã–nSeÃ§imeGirer Metal iÅŸÃ§ilerinin grevinin yasaklanmasÄ±ndan akp sorumludur.,,TÃ¼rkiye
578705364620832768,2015-03-19 23:51:25,RT @T_U_R_K_h_A_N: KÃ–PEK-DAHÄ°-BÄ°LÄ°YO  35-AKP Ä°LE 12-KÃœRT HERKONUDA-ANLAÅSA MUTABAKATA-VARSA-DAHÄ° BÄ°RBOK OLMAZ Ã‡ÃœNKÃœ 50-ATATÃœRKÃ‡Ãœ Ä°Ã‡Ä°N AÃ‡ILIâ€¦,,
578705363329019904,2015-03-19 23:51:25,TarÄ±m ve gÄ±da fiyatlarÄ±ndaki rekor artÄ±ÅŸlara dur demek iÃ§in CHP   LiderDediÄŸin Ã–nSeÃ§imeGirer,,"Ãœmraniye 
"
578705360703344642,2015-03-19 23:51:24,Baba tarafÄ± CHP Anne tarafÄ± HDP,,
578705356995604480,2015-03-19 23:51:23,"LiderDediÄŸin Ã–nSeÃ§imeGirer Polisin, vatandaÅŸlarÄ± Ã¶ldÃ¼rmediÄŸi bir TÃ¼rkiye dÃ¼ÅŸlÃ¼yorum oyumu CHP'ye vereceÄŸim.",,"Ã‡anakkale
"
578705355036860418,2015-03-19 23:51:23,Ä°ktidar alternatifi tek parti CHP'dir   LiderDediÄŸin Ã–nSeÃ§imeGirer,,"Kastamonu
"
578705351459106816,2015-03-19 23:51:22,LiderDediÄŸin Ã–nSeÃ§imeGirer O kadar uzaktan bekleme beni bir gece ansÄ±zÄ±n gelebilirim. 7 Haziran gecesi CHP geliyor,,"Ã‡orum
"
578705340541378562,2015-03-19 23:51:19,RT @23_harputlu: AKP HDP ittifakÄ± sÃ¶zkonusu iken aynÄ± Ã§izgilerde olan MHP-BBP neden bir araya gelemiyor basit hesaplar yapmayÄ±n @dbdevletbaâ€¦,,
578705339551506432,2015-03-19 23:51:19,@AgcaagcaMehmet @oguzkocaman3 CHP'DE TOPLAR EKSÄ°K OLMADI KI HAFIF TOP  OLSA NE OLUR AÄIR TOP OLSA NE OLUR,,
578705337068437504,2015-03-19 23:51:18,IÅŸÄ±ldayÄ±p gelen sele merhaba. Merhaba CHP  LiderDediÄŸin Ã–nSeÃ§imeGirer,,"Ä°stanbul, TÃ¼rkiye"
578705335889711104,2015-03-19 23:51:18,LiderDediÄŸin Ã–nSeÃ§imeGirer Bana dokunmayan yÄ±lan bin yaÅŸasÄ±ncÄ±lardan kurtulmak iÃ§in CHP!,,"Manisa
"
578705295880355841,2015-03-19 23:51:09,LiderDediÄŸin Ã–nSeÃ§imeGirer Bu memleket AKP'nin babasÄ±nÄ±n Ã§iftliÄŸi deÄŸildir.,,
578705295758741506,2015-03-19 23:51:08,"MHP'li Mustafa Erzin, AK Parti Mv. Aday AdayÄ± KÄ±yak'Ä±n sÃ¶zÃ¼nÃ¼ kullandÄ±. @velikiyak @MustafaErzin27 @GaziantepMHP http://t.co/GLrOrmeejz",,Ã–zgÃ¼rlÃ¼ÄŸÃ¼mÃ¼n SembolÃ¼;
578705289643442176,2015-03-19 23:51:07,Biz zaferi KÄ±brÄ±s'ta KaraoÄŸlanla gÃ¶rdÃ¼k AKP gibi teslim olmadÄ±  LiderDediÄŸin Ã–nSeÃ§imeGirer,,"Konya
"
578705283838513152,2015-03-19 23:51:06,LiderDediÄŸin Ã–nSeÃ§imeGirer CHP gelecek ayakkabÄ± kutularÄ± boÅŸalacak  http://t.co/NNzxqUPqCi,,TÃ¼rkiye
578705280743137280,2015-03-19 23:51:05,@KbraAygn18 CHP gibi sizde muhalefete mi hazÄ±rlanÄ±yorsunuz,,SelÃ§uklu/Konya/TÃ¼rkiye
578705280701214720,2015-03-19 23:51:05,AtatÃ¼rk'Ã¼n partisi CHP iktidar olsun artÄ±k. Ata'mÄ±zÄ± Ã¶zledik.  LiderDediÄŸin Ã–nSeÃ§imeGirer,,"Kars
"
578705280436846593,2015-03-19 23:51:05,RT @odatv: Yavuz BingÃ¶l ve Rojin AKP'de buluÅŸtu http://t.co/cqlFxAGpVb http://t.co/JoM2DVQ3nD,,
578705275957424128,2015-03-19 23:51:04,"LiderDediÄŸin Ã–nSeÃ§imeGirer Alex gitti, AKP mi gitmeyecek?",,"Ordu
"
578705273155518464,2015-03-19 23:51:03,DÃ¼ÅŸÃ¼nÃ¼yorum da kendimi en iyi hissettiÄŸim parti CHP  LiderDediÄŸin Ã–nSeÃ§imeGirer,,"Ã‡ankÄ±rÄ±
"
578705266352467968,2015-03-19 23:51:01,"LiderDediÄŸin Ã–nSeÃ§imeGirer Akp= KadrolaÅŸma, kadrolaÅŸma, kadrolaÅŸma",,istanbul
578705262212751360,2015-03-19 23:51:00,"LiderDediÄŸin Ã–nSeÃ§imeGirer CHP, anayasal haklarÄ±mÄ±zÄ±n teminatÄ±dÄ±r. http://t.co/g7sU22yiIi",,"Sakarya
"
578705258509148160,2015-03-19 23:51:00,LiderDediÄŸin Ã–nSeÃ§imeGirer aydÄ±nlÄ±k gÃ¼nler iÃ§in chp  http://t.co/64RIGYpzXk,,"Giresun
"
578705255959019520,2015-03-19 23:50:59,"GÃ¼n gelecek devran dÃ¶necek, AKP halka hesap verecek.  LiderDediÄŸin Ã–nSeÃ§imeGirer",,"Hatay
"
578705253052362752,2015-03-19 23:50:58,"LiderDediÄŸin Ã–nSeÃ§imeGirer Yine mi AKP maÄŸdur? Berkin'in annesine sorun siz acÄ±yÄ±, ezilmeyi, maÄŸduriyeti  http://t.co/AijSxLWx7a",,"Trabzon
"
578705249713692672,2015-03-19 23:50:58,"HÄ±rslarÄ±nÄ±z, rant duygularÄ±nÄ±z, yalan projelerinizle Ã¼lkeyi batÄ±rdÄ±nÄ±z akp   LiderDediÄŸin Ã–nSeÃ§imeGirer",,"Ã‡iftlik, Yalova"
578705207623880704,2015-03-19 23:50:47,"LiderDediÄŸin Ã–nSeÃ§imeGirer GÃ¼n gelecek devran dÃ¶necek, AKP halka hesap verecek.",,istanbul
578705205933555712,2015-03-19 23:50:47,DÃ¼rÃ¼st seÃ§imlerle halkÄ±n takdiri iktidar CHP olacaktÄ±r!   LiderDediÄŸin Ã–nSeÃ§imeGirer,,"KarÅŸÄ±yaka 
"
578705205329600513,2015-03-19 23:50:47,RT @kriptobilgiler: Ä°Ã§G.Paketinin 63 maddesi tasarÄ±dan Ã§Ä±karÄ±ldÄ± http://t.co/72TRlsRn16 Maddeler HDP gÃ¶rÃ¼ÅŸmesi ertesi komisyona gitmiÅŸti. hâ€¦,,
578705202481655808,2015-03-19 23:50:46,"LiderDediÄŸin Ã–nSeÃ§imeGirer AKP ile kadÄ±nlarÄ±n payÄ±na dÃ¼ÅŸen Ã¶lÃ¼m, taciz, dayak, tecavÃ¼z",,"Bayburt
"
578705198585143296,2015-03-19 23:50:45,LiderDediÄŸin Ã–nSeÃ§imeGirer Akp ile ahlaksÄ±zlÄ±k almÄ±ÅŸ baÅŸÄ±nÄ± gidiyor,,"Kastamonu
"
578705197725302784,2015-03-19 23:50:45,Ä°nsanlÄ±ÄŸa saygÄ± iÃ§in CHP   LiderDediÄŸin Ã–nSeÃ§imeGirer,,"Bolu
"
578705196517343233,2015-03-19 23:50:45,RT @Ahmet_Davutoglu: HDP EÅŸ BaÅŸkanÄ± DemirtaÅŸ'Ä±n bugÃ¼nkÃ¼ aÃ§Ä±klamasÄ± had bilmezliÄŸin ve demokrasiye saygÄ±sÄ±zlÄ±ÄŸÄ±n yeni Ã¶rnekleridir.,,
578705186279026688,2015-03-19 23:50:42,chp'nin stratejisi nefis olmuÅŸ. akp bu defa gider.  LiderDediÄŸin Ã–nSeÃ§imeGirer,,bodrum
578705184760709120,2015-03-19 23:50:42,AKP ELÄ°NÄ° CEBÄ°MÄ°ZDEN Ã‡EK  LiderDediÄŸin Ã–nSeÃ§imeGirer,,"Manisa
"
578705183846350849,2015-03-19 23:50:42,LiderDediÄŸin Ã–nSeÃ§imeGirer Temel hak ve hÃ¼rriyetlerin garanti altÄ±na alÄ±nmasÄ± iÃ§in CHP http://t.co/VAWroS76EZ,,"KÃ¼tahya
"
578705182084632576,2015-03-19 23:50:41,RT @sosyalpencere: Ä°smet Ã–zel'den AKP'ye aÄŸÄ±r eleÅŸtiri: SÃ¼leyman Åah Operasyonu bir dangalaklÄ±k ve alÃ§aklÄ±ktÄ±r!  http://t.co/GJCdcI2eLE,,Indonesia
578705181845663744,2015-03-19 23:50:41,CHP'nin oylarÄ± her geÃ§en gÃ¼n artÄ±yor  LiderDediÄŸin Ã–nSeÃ§imeGirer,,"Bilecik
"
578705177877864448,2015-03-19 23:50:40,Akp saÄŸolsun Ä±ÅŸid'in tedavisi TÃ¼rkiye'de yapÄ±lÄ±yor.   LiderDediÄŸin Ã–nSeÃ§imeGirer,,
578705177022107648,2015-03-19 23:50:40,RT @Hurriyet: #MHP'de adaylÄ±k baÅŸvurularÄ±nÄ±n sona ermesinin ardÄ±ndan kriz Ã§Ä±ktÄ± http://t.co/U70SIIi6HD http://t.co/Y0qJSHse8W,,#SNIPER HAYALET MÃœFREZE #TÃœRK
578705174354620416,2015-03-19 23:50:40,akp'nin dini imanÄ± para.   LiderDediÄŸin Ã–nSeÃ§imeGirer,,"Sakarya
"
578705133862825984,2015-03-19 23:50:30,RT @ekremteke07: ''Aslolan partimiz ve davamÄ±zdÄ±r...!''  Dr. Sinan OÄAN (MHP IÄŸdÄ±r Milletvekili) http://t.co/YniWjCp5ZB,,
578705128158568448,2015-03-19 23:50:29,YargÄ±lanacaksÄ±n AKP!  LiderDediÄŸin Ã–nSeÃ§imeGirer,,"UÅŸak
"
578705123238625280,2015-03-19 23:50:27,LiderDediÄŸin Ã–nSeÃ§imeGirer Akp yoksulluÄŸu besliyor Ã§Ã¼nkÃ¼ muhtaÃ§ olunmasÄ± iÅŸine geliyor.,,"Twitter TakipÃ§i Kazanma Hilesi Ä°Ã§in TIKLAYIN
â–º www.takipcibaba.com"
578705123095879680,2015-03-19 23:50:27,RT @DrSinanOgan: Bir Not: AKP 400 vekile ulaÅŸmak iÃ§in MHP ve CHP'nin flaÅŸ isimlerini liste dÄ±ÅŸÄ± bÄ±rakacak dahili dÃ¼menler peÅŸinde...,,
578705119166001152,2015-03-19 23:50:26,LiderDediÄŸin Ã–nSeÃ§imeGirer AKP'yi gÃ¶nderelim,,"BalÄ±kesir
"
578705116401934336,2015-03-19 23:50:26,"Halk Ã§apulcu, gazeteciler ajan, asker terÃ¶rist, akp de maÄŸdur he mi   LiderDediÄŸin Ã–nSeÃ§imeGirer",,"BingÃ¶l
"
578705112950038528,2015-03-19 23:50:25,OrtadoÄŸu'da akan kan dursun diye CHP   LiderDediÄŸin Ã–nSeÃ§imeGirer,,"ÅÄ±rnak
"
578705112044060673,2015-03-19 23:50:25,Meclisi gerdiler iyice. Ne demek itaat edeceksiniz? Geber AKP!  LiderDediÄŸin Ã–nSeÃ§imeGirer,,muÄŸla
578705110215344128,2015-03-19 23:50:24,AKP faÅŸizminin maÅŸasÄ± olmayalÄ±m.  LiderDediÄŸin Ã–nSeÃ§imeGirer,,
578705106478227456,2015-03-19 23:50:23,@AtillaTasNet metiner  ne oluyor ne kÃ¼rd ne tÃ¼rk:))dÃ¼n kÃ¼rd tÃ¼ bugÃ¼n kÄ±yÄ±sÄ±ndan akp nin kÃ¼rdÃ¼ ne iÅŸ,,bursa
578705106008481793,2015-03-19 23:50:23,Hukukun AKP elinde sakÄ±z gibi eÄŸilip bÃ¼kÃ¼lmesine son verilsin!   LiderDediÄŸin Ã–nSeÃ§imeGirer,,"Giresun
"
578705105026965504,2015-03-19 23:50:23,Temel hak ve hÃ¼rriyetlerin garanti altÄ±na alÄ±nmasÄ± iÃ§in CHP http://t.co/MHocdFp4HB  LiderDediÄŸin Ã–nSeÃ§imeGirer,,"Kastamonu
"
578705104112582656,2015-03-19 23:50:23,LiderDediÄŸin Ã–nSeÃ§imeGirer Ã–zgÃ¼rleÅŸen ve zenginleÅŸen TÃ¼rkiye iÃ§in CHP,,TÃ¼rkiye
578705102279692288,2015-03-19 23:50:22,LiderDediÄŸin Ã–nSeÃ§imeGirer CHP gelecek insanca Ã§alÄ±ÅŸma koÅŸullarÄ± gelecek   http://t.co/OMMfB1aiPP,,"Osmaniye
"
578705097418498048,2015-03-19 23:50:21,KaÃ§ak sarayÄ± da diktiler. Ama KK ODTÃœ'ye verecek. Bu yÃ¼zden oyum CHP'nin.  LiderDediÄŸin Ã–nSeÃ§imeGirer,,"TekirdaÄŸ
"
578705055806816257,2015-03-19 23:50:11,KadÄ±n DÃ¼ÅŸmanÄ± Akp  LiderDediÄŸin Ã–nSeÃ§imeGirer,,"K.maraÅŸ
"
578705050828156929,2015-03-19 23:50:10,LiderDediÄŸin Ã–nSeÃ§imeGirer YarÄ±n yanaÄŸÄ±ndan gayri paylaÅŸmak iÃ§in herÅŸeyi; CHP  http://t.co/sJ4MZ3npsI,,"Adana, TÃ¼rkiye"
578705049880289280,2015-03-19 23:50:10,"KurtuluÅŸ 2.0 yÃ¼kleniyor, AKP gidiyor!  LiderDediÄŸin Ã–nSeÃ§imeGirer",,hatay
578705046503849984,2015-03-19 23:50:09,"LiderDediÄŸin Ã–nSeÃ§imeGirer Hak ve Ã¶zgÃ¼rlÃ¼kleri getireceÄŸini vaat eden tek parti ÅŸu an CHP, baÅŸka yol yok.",,"Manisa
"
578705041273561088,2015-03-19 23:50:08,"RT @hkkursatgonul: Fatih'in basarÄ±sÄ±nÄ± paylasan @hhturkoglu80'na AKP'li idris Sahin'in cevabÄ±:""Ne guzel.Istedigi iibf ye gider."" #FatihÃ‡eliâ€¦",,
578705040539561984,2015-03-19 23:50:08,@DrSinanOgan @TCVATANATA  MHP ve CHP de akÄ±l yok mu bu numaralara karÅŸÄ± duracak??,, (...)
578705039298076672,2015-03-19 23:50:07,Ä°ÅŸÃ§i katliamlarÄ±nÄ±n hesabÄ±nÄ± sormak iÃ§in oylar CHP'ye   LiderDediÄŸin Ã–nSeÃ§imeGirer,,"KÄ±rÅŸehir
"
578705035556757504,2015-03-19 23:50:06,LiderDediÄŸin Ã–nSeÃ§imeGirer KadÄ±n ve lgbt dÃ¼ÅŸmanÄ± akp.,,"Ä°zmir, TÃ¼rkiye"
578705033673469952,2015-03-19 23:50:06,Mecliste ne konuÅŸtuklarÄ±nÄ± anlamÄ±yorum. AKP Ã¼lkeyi karÄ±ÅŸtÄ±rdÄ± iyice.  LiderDediÄŸin Ã–nSeÃ§imeGirer,,
578705032176099328,2015-03-19 23:50:06,AKP dÃ¶neminde herkes aÄŸÄ±r vergiler altÄ±nda eziliyor   LiderDediÄŸin Ã–nSeÃ§imeGirer,,"Hakkari
"
578705031219802112,2015-03-19 23:50:05,LiderDediÄŸin Ã–nSeÃ§imeGirer GeleceÄŸe umutla bakabilmek iÃ§in CHP,,"DiyarbakÄ±r
"
578705031152721921,2015-03-19 23:50:05,RT @zamancomtr: Ä°smet Ã–zel'den AKP'ye aÄŸÄ±r eleÅŸtiriler  http://t.co/vydvisHq7n http://t.co/e56EQE2ndc,,DÃœNYADA DA UKBADA DA HÄ°ZMET
578705029600665600,2015-03-19 23:50:05,RT @AK_suHandan: #DÃ¶ndÃ¼mVeDedimKi Chp'ye oy vermeye hazÄ±rlanan mÃ¼slÃ¼man kardeÅŸlerim oyunuzu neye vereceksiniz iyi gÃ¶rÃ¼n lÃ¼tfen! http://t.coâ€¦,,
578705020599808000,2015-03-19 23:50:03,"LiderDediÄŸin Ã–nSeÃ§imeGirer TÃ¼rk halkÄ± gÃ¶zÃ¼nÃ¼ aÃ§, CHP'ye oy ver.",,"Rize
"
578705019689680897,2015-03-19 23:50:03,RT @fawsari: â™¦ EngelOlma HayatÄ±ma â™¦  ğŸ‘‡ğŸ‘‡ğŸ‘‡Rt + Fav + Ff ğŸ‘‡ğŸ‘‡ğŸ‘‡  ADI : CÄ°HAT  SUÃ‡U : FANATÄ°K AKPARTÄ°LÄ°  DÃœÅMANLARI  : HDP CHP  @cihatkomut ğŸ‘ˆabimiâ€¦,,
578704978547732480,2015-03-19 23:49:53,RT @DikenComTr: DemirtaÅŸ: AKPâ€™nin bize sunacaÄŸÄ± hiÃ§bir barÄ±ÅŸ yok  http://t.co/Gpqm20Ox7a http://t.co/lpEFAsSmLk,,
578704976253308928,2015-03-19 23:49:52,RT @semsettinefe: ABD Senatosundan Erdogan ve AKP'ye cok sert tepki tam 74 senator baski ve zulumlere son verme cagrisi yapti http://t.co/mâ€¦,,USA 
578704968561115136,2015-03-19 23:49:50,akp elini bedenimden Ã§ek!  LiderDediÄŸin Ã–nSeÃ§imeGirer,,"Ordu
"
578704966157799425,2015-03-19 23:49:50,LiderDediÄŸin Ã–nSeÃ§imeGirer Yine mi AKP maÄŸdur? Yine mi maÄŸdur? Yine mi maÄŸdur?,,"Ankara, TÃ¼rkiye"
578704964538785793,2015-03-19 23:49:50,CHP gelecek yandaÅŸÄ±n hortumu kesilecek  http://t.co/wPw5slRwVf  LiderDediÄŸin Ã–nSeÃ§imeGirer,,tekirdag
578704961149665282,2015-03-19 23:49:49,Akp ahlaksÄ±zlÄ±klarÄ±na daha fazla prim vermemek iÃ§in oyum CHP'ye   LiderDediÄŸin Ã–nSeÃ§imeGirer,,ankara
578704959253979136,2015-03-19 23:49:48,LiderDediÄŸin Ã–nSeÃ§imeGirer Ä°Ã§eride baskÄ± dÄ±ÅŸarÄ±da teslimiyet bu aciz politikalar CHP ile son bulacak.,,"Trabzon
"
578704954061361152,2015-03-19 23:49:47,LiderDediÄŸin Ã–nSeÃ§imeGirer OrtadoÄŸu'da barÄ±ÅŸ iÃ§in CHP,,"Mardin
"
578704948797566976,2015-03-19 23:49:46,RT @SweetNovemberrr: Chp ile ittifak yapmanÄ±za raÄŸmen seÃ§ildi;hazÄ±r olun sÄ±rada BaÅŸkanlÄ±k var:) http://t.co/FzIdm0y9Yj,,
578704948394913792,2015-03-19 23:49:46,LiderDediÄŸin Ã–nSeÃ§imeGirer YarÄ±n bir gÃ¼n faili meÃ§hul sayÄ±labileceÄŸim bir Ã¼lkede yaÅŸamak istemediÄŸim iÃ§in CHP'ye oy vereceÄŸim,,"Kayseri, TÃ¼rkiye"
578704945278484480,2015-03-19 23:49:45,AKP'den kurtulunca kurban kesicem. Yemin ederim yapÄ±cam bunu.  LiderDediÄŸin Ã–nSeÃ§imeGirer,,"BalÄ±kesir
"
578704944389316608,2015-03-19 23:49:45,"Umut, mÃ¼cadele, direniÅŸ: CHP!  LiderDediÄŸin Ã–nSeÃ§imeGirer",,"Ä°Ã§el
"
578704943500156928,2015-03-19 23:49:45,LiderDediÄŸin Ã–nSeÃ§imeGirer Sendikal Ã¶rgÃ¼tlenme Ã¶zgÃ¼rlÃ¼ÄŸÃ¼ iÃ§in CHP,,"MuÄŸla
"
578704938274017280,2015-03-19 23:49:43,"-Siyah Gonca-  'Dersimli Kemal, Tunceli'den seÃ§ime girsin'  CHP Genel BaÅŸkanÄ± Kemal KÄ±lÄ±Ã§daroÄŸluâ€™nun Ä°zmir... http://t.co/BNFea2whe8",,
578704927884750848,2015-03-19 23:49:41,Beyler 8 Haziran sabahÄ±ndan sesleniyorum; Akp gitti buralar Ã§ok gÃ¼zel gelsenize  LiderDediÄŸin Ã–nSeÃ§imeGirer,,"ReyhanlÄ±, Hatay"
578704894082842624,2015-03-19 23:49:33,kim ne derse desin ben #hdp yi tutuyorum ve #SelahattinDemirtaÅŸ Ä± destekliyorum,,
578704881994899458,2015-03-19 23:49:30,"Merkez BankasÄ±'na mÃ¼dahele edilmesini yanlÄ±ÅŸtÄ±r, sadece bu bile AKP gitsin demeye yeterli.  LiderDediÄŸin Ã–nSeÃ§imeGirer",,"Bolu
"
578704873522393088,2015-03-19 23:49:28,LiderDediÄŸin Ã–nSeÃ§imeGirer akp faÅŸizanlÄ±ÄŸÄ± bitecek.,,van
578704871802671105,2015-03-19 23:49:27,"LiderDediÄŸin Ã–nSeÃ§imeGirer CHP, barÄ±ÅŸÄ±n teminatÄ±dÄ±r.  http://t.co/kDat59swho",,"Ä°Ã§el
"
578704870309507072,2015-03-19 23:49:27,LiderDediÄŸin Ã–nSeÃ§imeGirer Asgari Ã¼cretin 4 kiÅŸilik bir ailenin ihtiyaÃ§larÄ±nÄ± karÅŸÄ±layacak ÅŸekilde dÃ¼zenlenmesi iÃ§in CHP,,"Aksaray
"
578704864848584704,2015-03-19 23:49:26,LiderDediÄŸin Ã–nSeÃ§imeGirer aydÄ±nlÄ±k gÃ¼nler iÃ§in chp  http://t.co/FWowQHC4t3,,"BalÄ±kesir, TÃ¼rkiye"
578704863841906688,2015-03-19 23:49:26,RT @DrSinanOgan: Bir Not: AKP 400 vekile ulaÅŸmak iÃ§in MHP ve CHP'nin flaÅŸ isimlerini liste dÄ±ÅŸÄ± bÄ±rakacak dahili dÃ¼menler peÅŸinde...,,
578704857474994176,2015-03-19 23:49:24,"RT @berberoglu79: Chp bu vatana degil bir Ã§ivi Ã§akmak,   HazÄ±r Ã‡akÄ±lmÄ±ÅŸ Ã‡ivileri bile sÃ¶kmÃ¼ÅŸ .  #EdepYaHu http://t.co/0EFLbw9HCV",,
578704856610897920,2015-03-19 23:49:24,RT @hasan195888: @sersefil44 @AllahaSevdalli @SelmaKARAMAN4 @asikmesik @Hazanylmz78 @ak_hizmet1 @KDALGASI @BilalBercin  CHP ZÄ°HNÄ°YETÄ°ğŸ‘‡ httpâ€¦,,AÃ§lÄ±k ve sefalet ne dir bilir
578704843306598400,2015-03-19 23:49:21,LiderDediÄŸin Ã–nSeÃ§imeGirer GÃ¼zel yarÄ±nlar iÃ§in CHP,,"MuÄŸla
"
578704842031542272,2015-03-19 23:49:20,LiderDediÄŸin Ã–nSeÃ§imeGirer CHP ile Kamuda taÅŸeronlaÅŸma ve gÃ¼vencesiz Ã§alÄ±ÅŸma son bulacak,,adana
578704841138110464,2015-03-19 23:49:20,LiderDediÄŸin Ã–nSeÃ§imeGirer Bu Ã¼lkeyi gerÃ§ekten seviyorsum ve CHP'ye oy vereceÄŸim,,"Ä°stanbul, TÃ¼rkiye"
578704839288467456,2015-03-19 23:49:20,@fuatavni_f AKP BU VÄ°DEO'DA FENA UTANDI.!! http://t.co/RXvRzi3Q3u http://t.co/RXvRzi3Q3u http://t.co/RXvRzi3Q3u http://t.co/RXvRzi3Q3u.,,Ä°stanbul
578704837975609344,2015-03-19 23:49:19,bakara makara AKP   LiderDediÄŸin Ã–nSeÃ§imeGirer,,piÃ§
578704833739407360,2015-03-19 23:49:18,"Yine mi AKP maÄŸdur? Berkin'in annesine sorun siz acÄ±yÄ±, ezilmeyi, maÄŸduriyeti  http://t.co/h3jMQOr21s  LiderDediÄŸin Ã–nSeÃ§imeGirer",,"KÄ±rÄ±kkale
"
578704792958144514,2015-03-19 23:49:09,Bu Ã¼lke kimsenin babasÄ±nÄ±n malÄ± deÄŸil. Olmayacak da! Lanet olsun akp   LiderDediÄŸin Ã–nSeÃ§imeGirer,,"Manisa
"
578704788554190848,2015-03-19 23:49:08,RT @oznser: Mustafa Ozan ÅER - CHP Istanbul 2. BÃ¶lge Aday AdayÄ± - Haziran 2015 Milletvekili SeÃ§imi https://t.co/4PJBWE3dbO,,Istanbul
578704788025532416,2015-03-19 23:49:07,"@ugurtpnr 12 sene bekledik, cehennemden Ã¶nce son Ã§Ä±kÄ±ÅŸtayÄ±z. akp anketÃ¶rleri bile pes etmiÅŸse, kurtuluÅŸ yakÄ±ndÄ±r. ama, bahÃ§eliye dikkat.",,"her yerde, ara-sÄ±ra memlekette"
578704776176758784,2015-03-19 23:49:05,@Yeni_CHP Hocam ayÄ±p oluyo ama bizde mi gavuruz :),,                       Ä°ZMÄ°R
578704775199481858,2015-03-19 23:49:04,LiderDediÄŸin Ã–nSeÃ§imeGirer Her inanca eÅŸit imkanlar tanÄ±nmasÄ± iÃ§in CHP,,"Denizli
"
578704770820628480,2015-03-19 23:49:03,"CHP'ye oy veriyorum Ã§Ã¼nkÃ¼ yetersiz de olsa demokratik, Ã§aÄŸdaÅŸ bir Ã§izgiyi temsil ediyor.  http://t.co/hciOhip1SG  LiderDediÄŸin Ã–nSeÃ§imeGirer",,
578704769969188864,2015-03-19 23:49:03,KadÄ±n erkek eÅŸitliÄŸi iÃ§in CHP   LiderDediÄŸin Ã–nSeÃ§imeGirer,,"NevÅŸehir
"
578704769822404608,2015-03-19 23:49:03,Selam Pelin Ã–zaslan ! CHP Ä°ZMÄ°R 2.BÃ–LGE MÄ°LLETVEKÄ°LÄ° ADAY ADAYI Ã‡ETÄ°N ALTINDAÄ http://t.co/JxUvUIlWYy  @OzaslanPelin,,
578704766643089408,2015-03-19 23:49:02,"Rejim o kadar saÄŸa ve geriye gitti ki MHP meÅŸrulaÅŸtÄ±. AKP gitmeli, siyaset rahatlamalÄ±dÄ±r.  LiderDediÄŸin Ã–nSeÃ§imeGirer",,"Kocaeli
"
578704765741330432,2015-03-19 23:49:02,RT @oznser: Mustafa Ozan ÅER - CHP Istanbul 2. BÃ¶lge Aday AdayÄ± - Haziran 2015 Milletvekili SeÃ§imi https://t.co/4PJBWE3dbO,,Istanbul
578704764688601088,2015-03-19 23:49:02,"CHP'Ye oy veriyorum Ã§Ã¼nkÃ¼ iÃ§eriye giren hangi gazeteci, hangi ideoloji olursa olsun onlarÄ± savundu  LiderDediÄŸin Ã–nSeÃ§imeGirer",,"Bursa
"
578704758921367552,2015-03-19 23:49:00,AKP dÃ¶neminde iÅŸÃ§i kan aÄŸladÄ±  LiderDediÄŸin Ã–nSeÃ§imeGirer,,Ã§ankÄ±rÄ±
578704756987805696,2015-03-19 23:49:00,LiderDediÄŸin Ã–nSeÃ§imeGirer CHP gelecek toplumun muhafazakarlaÅŸmasÄ±na set Ã§ekilecek  http://t.co/pSiVq5sfkF,,
578704749442269184,2015-03-19 23:48:58,"HÄ±rslarÄ±nÄ±z, rant duygularÄ±nÄ±z, yalan projelerinizle Ã¼lkeyi batÄ±rdÄ±nÄ±z akp   LiderDediÄŸin Ã–nSeÃ§imeGirer",,"Antalya, TÃ¼rkiye"
578704746925703169,2015-03-19 23:48:58,RT @DrSinanOgan: Bir Not: AKP 400 vekile ulaÅŸmak iÃ§in MHP ve CHP'nin flaÅŸ isimlerini liste dÄ±ÅŸÄ± bÄ±rakacak dahili dÃ¼menler peÅŸinde...,,TÃ¼rkiye
578704704261218304,2015-03-19 23:48:47,RT @Ates06Cetin: Herkes insanlÄ±k onuruna yakÄ±ÅŸÄ±r bir ÅŸekilde yaÅŸamayÄ± hak ediyor. CHP! http://t.co/GAlab6FJqP  LiderDediÄŸin Ã–nSeÃ§imeGirer,,
578704697835548672,2015-03-19 23:48:46,LiderDediÄŸin Ã–nSeÃ§imeGirer 4+4+4'e karÅŸÄ± olduÄŸum iÃ§in oyum CHP'ye.,,"Gaziantep
"
578704690839441408,2015-03-19 23:48:44,"@Kivanch_K KÃ¼rt sorununda ulusalcÄ±lara yenilmiÅŸ bir parti bu seÃ§imdede muhalefet olarak kalacak,iki seÃ§imdir aldatÄ±ldÄ±k.Oyum bu sefer HDP'ye","{u'type': u'Point', u'coordinates': [0.0, 0.0]}",Ankara
578704690285772800,2015-03-19 23:48:44,"@RasitSimsek O tv kanalÄ± saf ve ÅŸerefli insanlarÄ±mÄ±zÄ± yalanlarla zehirliyor, uyutuyor. Akp milletimizi aÃ§ bÄ±raktÄ± pkk ile kolkola girdi.",,Zug-Switzerland
578704686288646144,2015-03-19 23:48:43,RT @ugurdundarsozcu: AKP'li HÃ¼seyin Ã‡elik'VatandaÅŸlarÄ±nÄ±zÄ± fiÅŸlemek alÃ§aklÄ±ÄŸÄ±n en bÃ¼yÃ¼ÄŸÃ¼dÃ¼r'demiÅŸti. K.KÄ±lÄ±Ã§daroÄŸlu bugÃ¼n 77 milyonun fiÅŸleâ€¦,,
578704686087348225,2015-03-19 23:48:43,"CHP, gÃ¼zel gÃ¼nlerin teminatÄ±dÄ±r.  http://t.co/cpB84Fdr3f  LiderDediÄŸin Ã–nSeÃ§imeGirer",,"Bursa
"
578704684329910273,2015-03-19 23:48:43,LiderDediÄŸin Ã–nSeÃ§imeGirer AKP kendi seÃ§meni dÄ±ÅŸÄ±nda herkese dÃ¼ÅŸman gÃ¶zÃ¼yle bakÄ±yor,,bursa
578704683465883648,2015-03-19 23:48:43,LiderDediÄŸin Ã–nSeÃ§imeGirer Oyum CHP'ye,,"Aksaray
"
578704682459222016,2015-03-19 23:48:42,LiderDediÄŸin Ã–nSeÃ§imeGirer IrkÃ§Ä±lÄ±ktan kurtulmak iÃ§in CHP,,"Trabzon
"
578704677962928128,2015-03-19 23:48:41,"Rejim o kadar saÄŸa ve geriye gitti ki MHP meÅŸrulaÅŸtÄ±. AKP gitmeli, siyaset rahatlamalÄ±dÄ±r.  LiderDediÄŸin Ã–nSeÃ§imeGirer",,"Rize
"
578704672002813952,2015-03-19 23:48:40,LiderDediÄŸin Ã–nSeÃ§imeGirer KalkÄ±nan bir TÃ¼rkiye iÃ§in CHP,,
578704670044094464,2015-03-19 23:48:39,"Kendi partisinde birliÄŸi saÄŸlayamayanlar,AKP'yi yÄ±kamazlar! Kendi partisinde birliÄŸi saÄŸlayamayanlar, TÃ¼rkiye'nin birliÄŸini saÄŸlayamazlar.","{u'type': u'Point', u'coordinates': [0.0, 0.0]}",
578704669482049536,2015-03-19 23:48:39,Dini siyasete alet etmemek iÃ§in CHP  LiderDediÄŸin Ã–nSeÃ§imeGirer,,"ÅanlÄ±urfa
"
578704667099701248,2015-03-19 23:48:39,LiderDediÄŸin Ã–nSeÃ§imeGirer Herkes akp'den aday oluyor. Rant var Ã§Ã¼nkÃ¼,,"UÅŸak
"
578704666042712064,2015-03-19 23:48:38,RT @AlpTurkgucu: MHP 'ye tÃ¼p mÃ¼ taktÄ±rsak ?  Daha az yakar sanki :/,,Ä°stanbul Ãœniversitesi - Hayef
578704625748045824,2015-03-19 23:48:29,LiderDediÄŸin Ã–nSeÃ§imeGirer Ã‡are Drogba deÄŸil Ã‡are CHP,,"Samsun
"
578704619666337792,2015-03-19 23:48:27,Tek adam diktatÃ¶rlÃ¼ÄŸÃ¼ne karÅŸÄ± mÃ¼cadele iÃ§in CHP  LiderDediÄŸin Ã–nSeÃ§imeGirer,,"Siirt
"
578704610963128320,2015-03-19 23:48:25,RT @DrSinanOgan: Bir Not: AKP 400 vekile ulaÅŸmak iÃ§in MHP ve CHP'nin flaÅŸ isimlerini liste dÄ±ÅŸÄ± bÄ±rakacak dahili dÃ¼menler peÅŸinde...,,VenÃ¼s
578704610254262272,2015-03-19 23:48:25,LiderDediÄŸin Ã–nSeÃ§imeGirer CHP gelecek Suriyeye silah taÅŸÄ±yan tÄ±rlar duracak,,"Bursa
"
578704607364427776,2015-03-19 23:48:24,Ä°nsanlÄ±ÄŸa saygÄ± iÃ§in CHP   LiderDediÄŸin Ã–nSeÃ§imeGirer,,"Giresun
"
578704605846048768,2015-03-19 23:48:24,LiderDediÄŸin Ã–nSeÃ§imeGirer MaÄŸdur edebiyatÄ± yapan Akp en bÃ¼yÃ¼k zalim oldu,,"Erzurum
"
578704603321147393,2015-03-19 23:48:23,OrtadoÄŸu'yu kana bulayan AKP  LiderDediÄŸin Ã–nSeÃ§imeGirer,,
578704602511613952,2015-03-19 23:48:23,Bunlar uzun uzun tartÄ±ÅŸÄ±lÄ±p programlanmÄ±ÅŸ hamlelerdir.Hdp nin parti olarak barajÄ± aÅŸamayacaÄŸÄ± aÅŸikardÄ±r.,,
578704599772704768,2015-03-19 23:48:23,"Rejim o kadar saÄŸa ve geriye gitti ki MHP meÅŸrulaÅŸtÄ±. AKP gitmeli, siyaset rahatlamalÄ±dÄ±r.  LiderDediÄŸin Ã–nSeÃ§imeGirer",,Ä°zmir
578704594479480832,2015-03-19 23:48:21,LiderDediÄŸin Ã–nSeÃ§imeGirer bom bili bili bom AKP,,"Tokat
"
578704589349892098,2015-03-19 23:48:20,#OktayVuralaSorun  Mhp Eger secimleri kazanirsa aptullah Ã¶calan ile gÃ¶rÃ¼smelere dvm edecekmi?,,
578704586145411072,2015-03-19 23:48:19,RT @demok_ratus: 30 Mart ve CumhurbaÅŸkanlÄ±ÄŸÄ± seÃ§imlerinin en iyi tahmincisi Gezici AraÅŸtÄ±rma Åirketine gÃ¶re; AKP bÃ¼yÃ¼k 1 hÄ±zla eriyor  httpâ€¦,,KarÅŸÄ±yaka - Ä°zmir
578704578780250112,2015-03-19 23:48:18,Bu memleket AKP'nin babasÄ±nÄ±n Ã§iftliÄŸi deÄŸildir.  LiderDediÄŸin Ã–nSeÃ§imeGirer,,ist 
578704577207410689,2015-03-19 23:48:17,VatandaÅŸÄ±n cebini soyanlara inat vatandaÅŸÄ±n dostudur CHP  LiderDediÄŸin Ã–nSeÃ§imeGirer,,"Sivas
"
578704574762082304,2015-03-19 23:48:17,"CHP, demokrasinin teminatÄ±dÄ±r.  http://t.co/HAF9Pnm2Jh  LiderDediÄŸin Ã–nSeÃ§imeGirer",,istanbul hermuabbet icin arayin evliller bekarlar dullar ciftler  es olurum
578704535218184192,2015-03-19 23:48:07,Selam RT CanavarÄ± ! CHP Ä°ZMÄ°R 2.BÃ–LGE MÄ°LLETVEKÄ°LÄ° ADAY ADAYI Ã‡ETÄ°N ALTINDAÄ http://t.co/rp4FoMBglR  @rt_canaavari,,
578704531195826176,2015-03-19 23:48:06,LiderDediÄŸin Ã–nSeÃ§imeGirer AKP faÅŸizminin maÅŸasÄ± olmayalÄ±m.,,Ä°zmir
578704529732055040,2015-03-19 23:48:06,LiderDediÄŸin Ã–nSeÃ§imeGirer Bunlar deÄŸil miydi tarikatlarla el birliÄŸi iÃ§inde olan? AKP'ye Ã¶lÃ¼m.,,"KarabÃ¼k
"
578704528842821633,2015-03-19 23:48:06,"CHP'Ye oy veriyorum Ã§Ã¼nkÃ¼ iÃ§eriye giren hangi gazeteci, hangi ideoloji olursa olsun onlarÄ± savundu  LiderDediÄŸin Ã–nSeÃ§imeGirer",,bingÃ¶l
578704519024013313,2015-03-19 23:48:03,LiderDediÄŸin Ã–nSeÃ§imeGirer CHP'nin temel meselesi toplumun sorunlarÄ±dÄ±r.  http://t.co/oKZ3AgUuyr,,"Manisa
"
578704515152625664,2015-03-19 23:48:02,AKP kendi seÃ§meni dÄ±ÅŸÄ±nda herkese dÃ¼ÅŸman gÃ¶zÃ¼yle bakÄ±yor  LiderDediÄŸin Ã–nSeÃ§imeGirer,,"Afyon
"
578704506675965952,2015-03-19 23:48:00,DÃ¼nya'da sonsuz iktidar yoktur. YÄ±kÄ±lacaksÄ±n Akp  LiderDediÄŸin Ã–nSeÃ§imeGirer,,"MuÄŸla
"
578704506017435648,2015-03-19 23:48:00,RT @cCcAsEnATurk: Bizimle YÃ¼rÃ¼ TÃ¼rkiye...MHP Ali ErdurmuÅŸ  @ALIERDURMUS MHP UÅŸak Milletvekili Aday AdayÄ± http://t.co/Shf95bQtil,,
578704497603710977,2015-03-19 23:47:58,"RT @sevdaacelya: ""Harun gibi geldiler Karun oldular. Biz akp gibi firavunlaÅŸmayacaÄŸz"" sÃ¶zÃ¼nÃ¼ ""Ben onu akpye demedim"" diyen adamn resmi httpâ€¦",,
578704496903225344,2015-03-19 23:47:58,AKP'nin islami kapitalizmin her aracÄ±nÄ± kullanmasÄ±na karÅŸÄ±yÄ±z   LiderDediÄŸin Ã–nSeÃ§imeGirer,,"K.maraÅŸ
"
578704496047554560,2015-03-19 23:47:58,LiderDediÄŸin Ã–nSeÃ§imeGirer DÃ¼rÃ¼st siyasetÃ§iler iÃ§in CHP,,
578704489823232000,2015-03-19 23:47:56,"Akp gitmeli, TÃ¼rkiye nefes almalÄ±  LiderDediÄŸin Ã–nSeÃ§imeGirer",,"Adana
"
578704483833741312,2015-03-19 23:47:55,"LiderDediÄŸin Ã–nSeÃ§imeGirer ArsÄ±zlardan, hÄ±rsÄ±zlardan, akp iktidarÄ±ndan bÄ±ktÄ±k.",,"Sakarya
"
578704483745689601,2015-03-19 23:47:55,BayraÄŸa oy vermek istiyorsan MHP'ye  DireÄŸine oy vermek istiyorsan AKP'ye oy verin!,,
578704482583879680,2015-03-19 23:47:55,LiderDediÄŸin Ã–nSeÃ§imeGirer Akp artÄ±k kabak tadÄ± vermiÅŸtir,,
578704441467076608,2015-03-19 23:47:45,"RT @sert561997: YolsuzluklarÄ±n olmadÄ±ÄŸÄ±, temiz bir siyaset iÃ§in chp  #Ã–nSeÃ§imYapanTekParti",,
578704440661819392,2015-03-19 23:47:45,LiderDediÄŸin Ã–nSeÃ§imeGirer Akp ile ÅŸark kurnazlÄ±ÄŸÄ± baÅŸa geldi,,"DiyarbakÄ±r
"
578704439831371776,2015-03-19 23:47:44,LiderDediÄŸin Ã–nSeÃ§imeGirer Laik TÃ¼rkiye iÃ§in CHP,,"Bayburt
"
578704435033055233,2015-03-19 23:47:43,LiderDediÄŸin Ã–nSeÃ§imeGirer Soma'nÄ±n sorumlusu akp,,"Denizli
"
578704431035846656,2015-03-19 23:47:42,Murat Gezici: MHP+BBP+SP yÃ¼zde 30â€™u zorlar video http://t.co/HTUCIXVvpE,,
578704426204033024,2015-03-19 23:47:41,RT @Emmoglu35: ErdoÄŸan gidemeyince maketi yapÄ±lmÄ±ÅŸ ;)) BÃ¶yle bir maketi CHP yaptÄ±rsaydÄ± adÄ± ne olurdu biliyon de mi emmoÄŸlu? 'Put'! http://â€¦,,
578704419954520064,2015-03-19 23:47:40,LiderDediÄŸin Ã–nSeÃ§imeGirer AKP'yi kadÄ±nlar devirecek,,"KÄ±rÄ±kkale
"
578704419094704130,2015-03-19 23:47:39,Akp ile ÅŸark kurnazlÄ±ÄŸÄ± baÅŸa geldi  LiderDediÄŸin Ã–nSeÃ§imeGirer,,
578704416859111424,2015-03-19 23:47:39,reis konuÅŸmuÅŸ..Ä°smet Ã–zel'den AKP'ye aÄŸÄ±r eleÅŸtiriler http://t.co/WgS1TpzEl1,,istanbul
578704413092626432,2015-03-19 23:47:38,@Karaca2103 @Turkkizi1919 &gt; akp lÄ± nah verir sana oyunu.hala nasÄ±l oynÄ±yacaklarÄ±nÄ± ogrenemedÄ±ler,,
578704411494596609,2015-03-19 23:47:38,Tutuklu gazeteci utancÄ±ndan kurtulmak iÃ§in AKP'ye oy verme http://t.co/97eaUNdqWX  LiderDediÄŸin Ã–nSeÃ§imeGirer,,Gaziantep
578704408445382656,2015-03-19 23:47:37,"LiderDediÄŸin Ã–nSeÃ§imeGirer Bunlardan kurtulucaz, CHP geliyor.",,"KÄ±rklareli
"
578704407593902080,2015-03-19 23:47:37,12 EylÃ¼l'Ã¼n Ã§ocuÄŸu AKP  LiderDediÄŸin Ã–nSeÃ§imeGirer,,"KarabÃ¼k
"
578704403231842304,2015-03-19 23:47:36,KadÄ±n DÃ¼ÅŸmanÄ± AKP  LiderDediÄŸin Ã–nSeÃ§imeGirer,,"Ä°stanbul, TÃ¼rkiye"
578704400014811136,2015-03-19 23:47:35,paraya tapanlar partisi AKP  LiderDediÄŸin Ã–nSeÃ§imeGirer,,
578704358222774272,2015-03-19 23:47:25,RT @zamancomtr: Ä°smet Ã–zel'den AKP'ye aÄŸÄ±r eleÅŸtiriler  http://t.co/vydvisHq7n http://t.co/e56EQE2ndc,,
578704356977037312,2015-03-19 23:47:25,"RT @milkeryucel: HDP, AKP karÅŸÄ±tÄ±ymÄ±ÅŸ gibi solu avlamaya; AKP, PKK karÅŸÄ±tÄ±ymÄ±ÅŸ gibi milliyetÃ§ileri avlamaya Ã§alÄ±ÅŸÄ±yor.Stratejik mÃ¼ttefiklerâ€¦",,stockholme-Ä°sveÃ§
578704353881624576,2015-03-19 23:47:24,"LiderDediÄŸin Ã–nSeÃ§imeGirer Halk Ã§apulcu, gazeteciler ajan, asker terÃ¶rist, akp de maÄŸdur he mi",,"Ä°stanbul 0530 970 65 48
"
578704352820465664,2015-03-19 23:47:24,"RT @sevdaacelya: ""Harun gibi geldiler Karun oldular. Biz akp gibi firavunlaÅŸmayacaÄŸz"" sÃ¶zÃ¼nÃ¼ ""Ben onu akpye demedim"" diyen adamn resmi httpâ€¦",,
578704346759725056,2015-03-19 23:47:22,LiderDediÄŸin Ã–nSeÃ§imeGirer Kime oy vereceÄŸime karar veremedim. En iyi mÃ¼cadeleyi kim verirse oyum ona. AKP gitsin de.,,"Ä°stanbul
"
578704345019060224,2015-03-19 23:47:22,El ele verelim birlik olalÄ±m. TÃ¼rkiye iÃ§in en gÃ¼zeli CHP  LiderDediÄŸin Ã–nSeÃ§imeGirer,,Ankara
578704342854852608,2015-03-19 23:47:21,LiderDediÄŸin Ã–nSeÃ§imeGirer AKP kuru kuru gitmiyor. YanÄ±nda biber gazÄ± iyi oluyor.,,
578704330724880385,2015-03-19 23:47:18,RT @oznser: Mustafa Ozan ÅER - CHP Istanbul 2. BÃ¶lge Aday AdayÄ± - Haziran 2015 Milletvekili SeÃ§imi https://t.co/4PJBWE3dbO,,Istanbul
578704330217402368,2015-03-19 23:47:18,Selam Alev Kampe ! CHP Ä°ZMÄ°R 2.BÃ–LGE MÄ°LLETVEKÄ°LÄ° ADAY ADAYI Ã‡ETÄ°N ALTINDAÄ http://t.co/JxUvUIlWYy  @akampe50,,
578704329286127616,2015-03-19 23:47:18,Atam dÃ¼ÅŸmanÄ± denize dÃ¶ktÃ¼.. Nerede? Ege kÄ±yÄ±larÄ±nda... BazÄ±sÄ± yÃ¼zme biliyordu zahar :S Bilmem anlatabildim mi..! http://t.co/W9JE0cT0tY,,TBMM / Ankara - TÃœRKÄ°YE 
578704325263888385,2015-03-19 23:47:17,RT @drsinanerdil: AKP dÃ¶neminde sadece ekonomide deÄŸil eÄŸitim alanÄ±nda da geriye gittik.  http://t.co/eDoarvw9gx,,
578704324613840896,2015-03-19 23:47:17,RT @oznser: Mustafa Ozan ÅER - CHP Istanbul 2. BÃ¶lge Aday AdayÄ± - Haziran 2015 Milletvekili SeÃ§imi https://t.co/4PJBWE3dbO,,Istanbul
578704322889981952,2015-03-19 23:47:17,YarÄ±n bir gÃ¼n o yÄ±ÄŸdÄ±ÄŸÄ±nÄ±z betonlarÄ± fahiÅŸ fiyattan kimse almazsa ne olacak akp?   LiderDediÄŸin Ã–nSeÃ§imeGirer,,"Ã‡orum
"
578704320218054656,2015-03-19 23:47:16,RT @zamancomtr: Ä°smet Ã–zel'den AKP'ye aÄŸÄ±r eleÅŸtiriler  http://t.co/vydvisHq7n http://t.co/e56EQE2ndc,,
578704319786127362,2015-03-19 23:47:16,LiderDediÄŸin Ã–nSeÃ§imeGirer halk iÃ§in chp,,
578704279130804224,2015-03-19 23:47:06,"LiderDediÄŸin Ã–nSeÃ§imeGirer CHP umut olacak, gÃ¶receksiniz.",,"Giresun
"
578704273443328000,2015-03-19 23:47:05,LiderDediÄŸin Ã–nSeÃ§imeGirer YÄ±kÄ±lacaksÄ±n AKP. Son gÃ¼n 7 Haziran,,"Giresun
"
578704266174599168,2015-03-19 23:47:03,"LiderDediÄŸin Ã–nSeÃ§imeGirer ""akp iktidarÄ±nda kadÄ±n cinayetleri %1400 arttÄ±.",,antalya
578704264475893760,2015-03-19 23:47:03,KaranlÄ±ÄŸÄ±n sonu bir ulu ÅŸafak... CHP geliyor...  LiderDediÄŸin Ã–nSeÃ§imeGirer,,"Erzurum
"
578704263083331585,2015-03-19 23:47:02,@vekilince yapÄ±lan hukuksuzluklarÄ±n bedelini kim verecek feto mu yoksa chp ile mhp mi???,,madem Ã¶yle gel bÃ¶yle 
578704262181613568,2015-03-19 23:47:02,"LiderDediÄŸin Ã–nSeÃ§imeGirer Bu Ã¼lkenin baÅŸÄ±na gelen en bÃ¼yÃ¼k kÃ¶tÃ¼lÃ¼k akp iktidarÄ±ydÄ±, haziran herÅŸeyin miladÄ± olabilir.",,"Ä°zmir
"
578704257911812096,2015-03-19 23:47:01,LiderDediÄŸin Ã–nSeÃ§imeGirer AKP bir proje idi ve bu projenin sonuna gelindi. GÃ¼zel gÃ¼nler CHP ile gelecek.,,"Ä°stanbul, TÃ¼rkiye"
578704255802015744,2015-03-19 23:47:01,AKP'nin kutuplaÅŸtÄ±rmalarÄ±ndan bÄ±ktÄ±k. Sakin bir Ã¼lke iÃ§in adres CHP  LiderDediÄŸin Ã–nSeÃ§imeGirer,,"Afyon
"
578704250458488832,2015-03-19 23:46:59,RT @siyahgolgem: NEYMÄ°Å AKP DÃ–NEMNDE EÅKÄ°YA TERÃ–RÄ°ST OLURSAN SENÄ° HEM KORUYORLAR HEMDE NE BOK YAPARSAN YAP DOKUNMUYORLAR HA BÄ°RDE DÃœÄÃœNÃœNE â€¦,,Mississauga Canada 
578704250202636288,2015-03-19 23:46:59,AKP dÃ¶neminde rÃ¼ÅŸvet almak normalleÅŸti   LiderDediÄŸin Ã–nSeÃ§imeGirer,,"EskiÅŸehir
"
578704247602151424,2015-03-19 23:46:59,LiderDediÄŸin Ã–nSeÃ§imeGirer Herkesin inancÄ±nÄ± Ã¶zgÃ¼rce yaÅŸayabileceÄŸi bir TÃ¼rkiye'yi CHP kuracak.,,"Hakkari
"
578704246729781248,2015-03-19 23:46:58,Umutlu yarÄ±nlar iÃ§in chp.   LiderDediÄŸin Ã–nSeÃ§imeGirer,,"Afyon
"
578704239100354561,2015-03-19 23:46:57,LiderDediÄŸin Ã–nSeÃ§imeGirer AKP! Bas gaza yavrum anca gidersin.,,"Denizli
"
578704238009810945,2015-03-19 23:46:56,LiderDediÄŸin Ã–nSeÃ§imeGirer 8 Haziran SabahÄ± sÄ±nÄ±rlarÄ± tutalÄ±m hÄ±rsÄ±z Akp'liler kaÃ§masÄ±n,,"K.maraÅŸ
"
578704237795901440,2015-03-19 23:46:56,RT @ademyavuza: Trollerin anlamadigi su;ABD de siyasiler 29 yasinda bir Iranli 'is adami 'nin Ã¶nÃ¼ne yatamaz.Bu isler parayla olsa AKP yaparâ€¦,,la paz - BOLIVYA
578704196654014464,2015-03-19 23:46:46,TAYYÄ°P AMCA GÃ–RMESÄ°N  NE DE OLSA 'KÃœRT SORUNU' YOK! RT'lemeyin AKP'liler DUYMASIN :) @EmreUslu @bkenes @onderaytac http://t.co/swmWuZmOen,,
578704196104536064,2015-03-19 23:46:46,Akp saÄŸolsun bu Ã¼lkede kimse gÃ¼vende deÄŸil   LiderDediÄŸin Ã–nSeÃ§imeGirer,,35
578704193470488576,2015-03-19 23:46:46,LiderDediÄŸin Ã–nSeÃ§imeGirer AKP dÃ¶neminde aÅŸklar da mutsuz be!,,
578704192598077440,2015-03-19 23:46:45,LiderDediÄŸin Ã–nSeÃ§imeGirer TarÄ±mÄ±n yeniden canlandÄ±rÄ±lmasÄ± iÃ§in CHP,,"Antalya
"
578704190584827905,2015-03-19 23:46:45,"@DevrimKarargahi CHP ya da HDP dÄ±ÅŸÄ±nda kurum yok mudur? Siyasi partiyiz demedik, https://t.co/wFD5dYS1K3 linkten bilgi edinebilirsiniz.",,Marksist/Leninist/Maoist /HS-B
578704190089928704,2015-03-19 23:46:45,LiderDediÄŸin Ã–nSeÃ§imeGirer Akp ile ahlaksÄ±zlÄ±k almÄ±ÅŸ baÅŸÄ±nÄ± gidiyor,,"AÄŸrÄ±
"
578704187929800704,2015-03-19 23:46:44,LiderDediÄŸin Ã–nSeÃ§imeGirer CHP iktidar partisinin yolsuzluk yaptÄ±ÄŸÄ±nÄ± ve bunun yargÄ±ya taÅŸÄ±nmasÄ± gerektiÄŸini savunuyor.,,"Ankara
"
578704187476848640,2015-03-19 23:46:44,Hdp nin seÃ§ime parti olarak girme nedeni baÅŸkanlÄ±ÄŸÄ±n Ã–nÃ¼nÃ¼ aÃ§ma giriÅŸiminden baÅŸka bir ÅŸey deÄŸildir.,,
578704185304158208,2015-03-19 23:46:44,LiderDediÄŸin Ã–nSeÃ§imeGirer AKP dindar deÄŸil din tÃ¼ccarÄ±dÄ±r.,,"Ä°stanbul
"
578704181688705024,2015-03-19 23:46:43,LiderDediÄŸin Ã–nSeÃ§imeGirer DÃ¼nya kenti Ä°stanbul iÃ§in CHP,,Istanbul
578704178920497154,2015-03-19 23:46:42,"LiderDediÄŸin Ã–nSeÃ§imeGirer Ä°zmir'de milliyetÃ§i, Diyarbekir'de sosyalist. AKP'yi yemeyelim artÄ±k.",,"Kayseri
"
578704178001776640,2015-03-19 23:46:42,RT @Emmoglu35: ErdoÄŸan gidemeyince maketi yapÄ±lmÄ±ÅŸ ;)) BÃ¶yle bir maketi CHP yaptÄ±rsaydÄ± adÄ± ne olurdu biliyon de mi emmoÄŸlu? 'Put'! http://â€¦,,nowhere in the middle
578704173828583424,2015-03-19 23:46:41,"CHP iktidarÄ±nda biber gazÄ±, sopalar olmayacak!!!  LiderDediÄŸin Ã–nSeÃ§imeGirer",,
578704169911132160,2015-03-19 23:46:40,"LiderDediÄŸin Ã–nSeÃ§imeGirer HalkÄ±mÄ±z onurludur, namusludur, vicdanlÄ±dÄ±r! AKP soytarÄ±larÄ±na oy vermez!",,"Sinop
"
578704167918825472,2015-03-19 23:46:40,Evrensel hukuk deÄŸerlerinin yanÄ±nda olan tek parti CHP   LiderDediÄŸin Ã–nSeÃ§imeGirer,,"NevÅŸehir
"
578704127963893760,2015-03-19 23:46:30,Bilal'e anlatÄ±r gibi anlatÄ±yorum: akp gidecek!  LiderDediÄŸin Ã–nSeÃ§imeGirer,,
578704124163805184,2015-03-19 23:46:29,LiderDediÄŸin Ã–nSeÃ§imeGirer AKP dÃ¶neminde altÄ±nÄ±n teriyle para kazanmak ayÄ±p bir ÅŸey oldu,,"AÄŸrÄ±
"
578704122418954240,2015-03-19 23:46:29,"TÃ¼rbe bombalamak olsun, ayetle dalga geÃ§mek olsun, baÅŸÃ¶rtÃ¼lÃ¼ yazar kovmak olsun her AllahsÄ±zlÄ±k var AKP  LiderDediÄŸin Ã–nSeÃ§imeGirer",,"Gaziantep
"
578704119608795136,2015-03-19 23:46:28,Ne pis adamlarmÄ±ÅŸ arkadaÅŸ gitmediler bir tÃ¼rlÃ¼ memleketin baÅŸÄ±ndan. AKP'ye lanet olsun ya  LiderDediÄŸin Ã–nSeÃ§imeGirer,,"ÅanlÄ±urfa
"
578704114227511296,2015-03-19 23:46:27,Selam Hayriye KaraÃ¼zÃ¼m ! CHP Ä°ZMÄ°R 2.BÃ–LGE MÄ°LLETVEKÄ°LÄ° ADAY ADAYI Ã‡ETÄ°N ALTINDAÄ http://t.co/rp4FoMBglR  @sikildimyabn,,
578704113598373888,2015-03-19 23:46:27,Cemil BayÄ±k daÄŸdan inip HDP'nin baÅŸÄ±na geÃ§sin oyum HDP'ye :) Toplumun aklÄ±yla oynayan ErdoÄŸan tÄ±marhaneye kapatÄ±lmalÄ± http://t.co/Sy5Yzv0V1Q,,Ä°zmir Bursa Ä°stanbul hattÄ±
578704112105177089,2015-03-19 23:46:26,"LiderDediÄŸin Ã–nSeÃ§imeGirer Akp insanlÄ±ÄŸa dÃ¼ÅŸman, Akp umuda dÃ¼ÅŸman http://t.co/e3Jf7GCM2X",,"Ä°zmir, TÃ¼rkiye"
578704103125172224,2015-03-19 23:46:24,GENÃ‡LER BÄ°LMEZ BEN BÄ°LE DUYDU 50 YILLADA TÃœRK 5 UÃ‡AKLA4IM VARMIÅ FIRANSIZ LARA SATAN CHP ÅÄ°MDÄ° ADI MÄ°RAC UÃ‡AÄI NÄ°YE BÄ°ZÄ°M OLSAYDI SORUN BÄ°R,"{u'type': u'Point', u'coordinates': [30.1561303, 36.3051555]}",
578704103066460160,2015-03-19 23:46:24,@fuatavni_f AKP BU VÄ°DEO'DA FENA UTANDI.!! http://t.co/RXvRzi3Q3u http://t.co/RXvRzi3Q3u http://t.co/RXvRzi3Q3u http://t.co/RXvRzi3Q3u,,Ä°stanbul
578704099681681408,2015-03-19 23:46:23,Yeniliklerin partisi CHP ile Ã§aÄŸdaÅŸ bir gelecek. Oyumu CHP'ye vereceÄŸim.  LiderDediÄŸin Ã–nSeÃ§imeGirer,,
578704097307656192,2015-03-19 23:46:23,LiderDediÄŸin Ã–nSeÃ§imeGirer Ã‡are CHP! AKP gidecek!,,"Ã‡orum
"
578704093138550785,2015-03-19 23:46:22,LiderDediÄŸin Ã–nSeÃ§imeGirer Yeter artÄ±k bu memlekete kÄ±ydÄ±ÄŸÄ±nÄ±z. CHP geliyor; 7 Haziran 2015,,"AÄŸrÄ±
"
578704092131905536,2015-03-19 23:46:22,LiderDediÄŸin Ã–nSeÃ§imeGirer Ä°nsanlÄ±ÄŸa saygÄ± iÃ§in CHP,,
578704090663895040,2015-03-19 23:46:21,%10 seÃ§im barajÄ±nÄ±n kaldÄ±rÄ±masÄ± iÃ§in oyum CHP'ye  LiderDediÄŸin Ã–nSeÃ§imeGirer,,"Ordu
"
578704089132998656,2015-03-19 23:46:21,RT @sosyalpencere: Ä°smet Ã–zel'den AKP'ye aÄŸÄ±r eleÅŸtiri: SÃ¼leyman Åah Operasyonu bir dangalaklÄ±k ve alÃ§aklÄ±ktÄ±r!  http://t.co/GJCdcI2eLE,,
578704045222858753,2015-03-19 23:46:10,LiderDediÄŸin Ã–nSeÃ§imeGirer Bu memleket AKP'nin babasÄ±nÄ±n Ã§iftliÄŸi deÄŸildir.,,
578704043964530688,2015-03-19 23:46:10,RT @maras_li: TÃ¼rkiye KomÃ¼nist Partisi: SeÃ§imlerde HDP AdaylarÄ±nÄ± Destekliyoruz  http://t.co/96h7N3xBfW,,
578704037123649536,2015-03-19 23:46:08,"LiderDediÄŸin Ã–nSeÃ§imeGirer Alex gitti, AKP mi gitmeyecek?",,"BartÄ±n
"
578704034778972161,2015-03-19 23:46:08,bilale anlatÄ±r gibi: 7 Haziran'da AKP GÄ°DECEK!  LiderDediÄŸin Ã–nSeÃ§imeGirer,,"Ardahan
"
578704032954466304,2015-03-19 23:46:07,akp'den Ã§ocuklarÄ±mÄ±zÄ±n hesabÄ±nÄ± soracaÄŸÄ±z.  LiderDediÄŸin Ã–nSeÃ§imeGirer,,"Sivas
"
578704030320427008,2015-03-19 23:46:07,LiderDediÄŸin Ã–nSeÃ§imeGirer La bu CHP size ne etti?,,burdur
578704028646948864,2015-03-19 23:46:06,SeÃ§im sonrasÄ± AKP tekrar iktidara gelirse faiz oranlarÄ± %17.25 bandÄ±ndan yukarÄ± olacak bu gidiÅŸle...,,Istanbul/Baku
578704024737832960,2015-03-19 23:46:05,"AKP dÃ¶neminde TÃ¼rk sinemasÄ± katil Ã§Ä±karamadÄ±, katiller kendileri Ã§Ã¼nkÃ¼.  LiderDediÄŸin Ã–nSeÃ§imeGirer",,malatya
578704022871343104,2015-03-19 23:46:05,Donumuz AKP'den daha temiz  LiderDediÄŸin Ã–nSeÃ§imeGirer,,eskisehir
578704017787916288,2015-03-19 23:46:04,"RT @sevdaacelya: ""Harun gibi geldiler Karun oldular. Biz akp gibi firavunlaÅŸmayacaÄŸz"" sÃ¶zÃ¼nÃ¼ ""Ben onu akpye demedim"" diyen adamn resmi httpâ€¦",,
578704010632368128,2015-03-19 23:46:02,"Rejim o kadar saÄŸa ve geriye gitti ki MHP meÅŸrulaÅŸtÄ±. AKP gitmeli, siyaset rahatlamalÄ±dÄ±r.  LiderDediÄŸin Ã–nSeÃ§imeGirer",,"BartÄ±n
"
578704009743245314,2015-03-19 23:46:02,"Zinciri kÄ±rar, duvarÄ± yÄ±kar kavuÅŸuruz meydanlarda. OylarÄ±mÄ±z CHP'ye  LiderDediÄŸin Ã–nSeÃ§imeGirer",,Ä°zmir
578704008661069824,2015-03-19 23:46:02,FaÅŸizme karÅŸÄ± diÄŸer muhalefet partileri defalarca yalpalarken istikrarla direnen tek parti CHP'dir.   LiderDediÄŸin Ã–nSeÃ§imeGirer,,"Artvin
"
578703997139300352,2015-03-19 23:45:59,LiderDediÄŸin Ã–nSeÃ§imeGirer Polis ÅŸiddetinden korunmak iÃ§in oyum CHP'ye,,"Ä°stanbul, TÃ¼rkiye"
578703995847512064,2015-03-19 23:45:59,LiderDediÄŸin Ã–nSeÃ§imeGirer Bu topraklarÄ±n bereketinden herkes yararlansÄ±n diye CHP,,
578703951303991297,2015-03-19 23:45:48,akp Ã¼lkeyi geriyor.   LiderDediÄŸin Ã–nSeÃ§imeGirer,,"Ã‡anakkale
"
578703943238316032,2015-03-19 23:45:46,"Akp insanlÄ±ÄŸa dÃ¼ÅŸman, Akp umuda dÃ¼ÅŸman http://t.co/nECjcf39LD   LiderDediÄŸin Ã–nSeÃ§imeGirer",,bursa
578703937315999744,2015-03-19 23:45:45,CHP yÃ¶netimi yÃ¼zÃ¼nÃ¼ Ã¶rgÃ¼te deÄŸil tabana dÃ¶nerse iktidara eriÅŸecektir.   LiderDediÄŸin Ã–nSeÃ§imeGirer,,"ElazÄ±ÄŸ
"
578703936418418689,2015-03-19 23:45:44,LiderDediÄŸin Ã–nSeÃ§imeGirer AKP dÃ¶neminde Ã§iftÃ§i kan aÄŸladÄ±,,"Konya
"
578703933650112512,2015-03-19 23:45:44,"""akp gidecek, biz deÄŸil!   LiderDediÄŸin Ã–nSeÃ§imeGirer",,"Ordu
"
578703932081479680,2015-03-19 23:45:43,RT @atmaca_huseyn: http://t.co/I8eBI1uuOe MHP NEREYE KOÅUYOR ?,,Kocaeli
578703929594122240,2015-03-19 23:45:43,RT @Profiozturk: 12 senede bu kadar bÃ¼yÃ¼k beyin erozyonunu yapan gÃ¢vurlar olsa savaÅŸ aÃ§ardÄ±k. MEB nesli yok ediyor. AKP liderliÄŸinde.,,
578703925924233216,2015-03-19 23:45:42,"GÃ¼n gelecek devran dÃ¶necek, AKP halka hesap verecek.  #Ã–nSeÃ§imYapanTekParti",,
578703924972150785,2015-03-19 23:45:42,@fuatavni_f AKP BU VÄ°DEO'DA FENA UTANDI.!!. http://t.co/RXvRzi3Q3u http://t.co/RXvRzi3Q3u http://t.co/RXvRzi3Q3u http://t.co/RXvRzi3Q3u,,Ä°stanbul
578703923705425920,2015-03-19 23:45:41,"TÃ¼rk halkÄ± gÃ¶zÃ¼nÃ¼ aÃ§, CHP'ye oy ver.  LiderDediÄŸin Ã–nSeÃ§imeGirer",,"Ankara, TÃ¼rkiye"
578703922593927168,2015-03-19 23:45:41,"LiderDediÄŸin Ã–nSeÃ§imeGirer Demokrasi, AKP'nin gizli ajandasÄ±nÄ± uygulamak iÃ§in kullanacaÄŸÄ± bir araÃ§ olamaz! http://t.co/Rb3mCrZej5",,"Tunceli
"
578703920261890048,2015-03-19 23:45:41,LiderDediÄŸin Ã–nSeÃ§imeGirer karanlÄ±ktan aydÄ±nlÄ±ÄŸa geÃ§iÅŸin tek adresi var oda CHP,,
578703918340915201,2015-03-19 23:45:40,Bunlar deÄŸil miydi tarikatlarla el birliÄŸi iÃ§inde olan? AKP'ye Ã¶lÃ¼m.  LiderDediÄŸin Ã–nSeÃ§imeGirer,,"Mersin, TÃ¼rkiye"
578703916327649280,2015-03-19 23:45:40,RT @sosyalpencere: Ä°smet Ã–zel'den AKP'ye aÄŸÄ±r eleÅŸtiri: SÃ¼leyman Åah Operasyonu bir dangalaklÄ±k ve alÃ§aklÄ±ktÄ±r!  http://t.co/GJCdcI2eLE,,Ä°stanbul
578703914721259521,2015-03-19 23:45:39,LiderDediÄŸin Ã–nSeÃ§imeGirer AÄŸaca deÄŸer vermeyen zihniyetten kurtulmak iÃ§in CHP,,"Adana
"
578703874036523009,2015-03-19 23:45:30,TÃ¼m inanÃ§lara saygÄ± ve mutlak dÃ¼ÅŸÃ¼nce Ã¶zgÃ¼rlÃ¼ÄŸÃ¼nÃ¼n saÄŸlanmasÄ± iÃ§in chp  LiderDediÄŸin Ã–nSeÃ§imeGirer,,"Giresun
"
578703868378370051,2015-03-19 23:45:28,Dini siyasete alet etmemek iÃ§in CHP  LiderDediÄŸin Ã–nSeÃ§imeGirer,,"Ä°stanbul
"
578703866650324992,2015-03-19 23:45:28,CHP'nin temel meselesi hukukun Ã¼stÃ¼nlÃ¼ÄŸÃ¼nÃ¼ korumaktÄ±r.  http://t.co/stDbeoicXM  LiderDediÄŸin Ã–nSeÃ§imeGirer,,"Samsun
"
578703862883823618,2015-03-19 23:45:27,"LiderDediÄŸin Ã–nSeÃ§imeGirer YolsuzluÄŸun, hÄ±rsÄ±zlÄ±ÄŸÄ±n bitmesi iÃ§in CHP http://t.co/6sevKLf8NU",,"KÃ¼tahya
"
578703860295999489,2015-03-19 23:45:26,LiderDediÄŸin Ã–nSeÃ§imeGirer CHP gelecek gericilik bitecek  http://t.co/0W4vAug6wS,,"NevÅŸehir
"
578703859389980672,2015-03-19 23:45:26,LiderDediÄŸin Ã–nSeÃ§imeGirer Demokrasinin kalesi CHP,,"TekirdaÄŸ, TÃ¼rkiye"
578703859033440256,2015-03-19 23:45:26,Selam arda ! CHP Ä°ZMÄ°R 2.BÃ–LGE MÄ°LLETVEKÄ°LÄ° ADAY ADAYI Ã‡ETÄ°N ALTINDAÄ http://t.co/JxUvUIlWYy  @sedfexer,,
578703857766776833,2015-03-19 23:45:26,LiderDediÄŸin Ã–nSeÃ§imeGirer Tutuklu Ã¶ÄŸrenci utancÄ±ndan kurtulmak iÃ§in AKP'ye oy verme http://t.co/5IdTS5rNLF,,"Samsun
"
578703857238294528,2015-03-19 23:45:26,RT @izmirim_21_: Newroz devleti neden bu kadar korkuttu ki. Yoksa korktuklarÄ± olmayan KÃ¼rt sorunu mu Yoksa Hdp'mi yada Selocan'mÄ± http://t.â€¦,,âœŒï¸HDP DostlarÄ± TakipleÅŸiyorâœŒï¸
578703852641378305,2015-03-19 23:45:24,RT @AgcaagcaMehmet: @oguzkocaman3  ÅAKA GÄ°BÄ° BU CHP ESKÄ°DENMÄ° HAFÄ°F TOPDU ÅÄ°MDÄ°MÄ° AÄIR TOP LARI SAHAYA SÃœRDÃœ CHP ANLAÅILAN TAK SÄ°ME GENEL Mâ€¦,,
578703850804240385,2015-03-19 23:45:24,LiderDediÄŸin Ã–nSeÃ§imeGirer Akp ile talan dÃ¼zeni almÄ±ÅŸ baÅŸÄ±nÄ± gidiyor,,
578703846886748160,2015-03-19 23:45:23,LiderDediÄŸin Ã–nSeÃ§imeGirer AKP faÅŸizmi Ã¼niversitelerden defol!!!,,"Ä°stanbul, TÃ¼rkiye"
578703842893832192,2015-03-19 23:45:22,LiderDediÄŸin Ã–nSeÃ§imeGirer CHP iktidarÄ± ile artÄ±k herkes gerÃ§ek yÃ¶netim ne demek gÃ¶recek!!!,,"MuÄŸla
"
578703837927772160,2015-03-19 23:45:21,LiderDediÄŸin Ã–nSeÃ§imeGirer Ä°nsanÄ± insan olduÄŸu iÃ§in seven bir anlayÄ±ÅŸ; CHP,,"Aksaray
"
578703836661022720,2015-03-19 23:45:21,"RT @gazinobeyazkule: @SerpilnazG AKP; seÃ§im kazanmak iÃ§in her ÅŸeyci olur, bu kadar basit!?:-) @a41turk http://t.co/6PtXgTEtRJ",,
578703793161920513,2015-03-19 23:45:10,AKP'nin SaÄŸlÄ±kta devrimi koca bir yalan hastanelerin hali ortada  LiderDediÄŸin Ã–nSeÃ§imeGirer,,"Adana
"
578703792029351936,2015-03-19 23:45:10,DemirtaÅŸ: AKPâ€™nin bize sunacaÄŸÄ± hiÃ§bir barÄ±ÅŸ yok  http://t.co/Gpqm20Ox7a http://t.co/lpEFAsSmLk,,
578703791375134720,2015-03-19 23:45:10,CHP gelecek geÃ§im sÄ±kÄ±ntÄ±sÄ± bitecek  http://t.co/Fma8nCzmZO  LiderDediÄŸin Ã–nSeÃ§imeGirer,,"Ã‡anakkale
"
578703788351057920,2015-03-19 23:45:09,LiderDediÄŸin Ã–nSeÃ§imeGirer TÃ¼m ilkeleriyle demokrasiyi benimsemiÅŸ Ã§aÄŸdaÅŸ ve ilerici bir hukuk devleti iÃ§in chp,,"Aksaray
"
578703784525885441,2015-03-19 23:45:08,"LiderDediÄŸin Ã–nSeÃ§imeGirer Siyasetten yalanÄ±, ahlaksÄ±zlÄ±ÄŸÄ±; torpili, hileyi, faÅŸizmi temizleyebilmek iÃ§in chp",,"Ã‡orum
"
578703782516793344,2015-03-19 23:45:08,LiderDediÄŸin Ã–nSeÃ§imeGirer Sosyal demokrasi iÃ§in CHP.,,"MuÄŸla
"
578703781568909312,2015-03-19 23:45:07,Sizde TOMA varsa bizde CHP var!  LiderDediÄŸin Ã–nSeÃ§imeGirer,,"Aksaray
"
578703774128144384,2015-03-19 23:45:06,CHP gelecek polis ÅŸiddeti bitecek  http://t.co/o9rX1iWVBz  LiderDediÄŸin Ã–nSeÃ§imeGirer,,"MuÄŸla
"
578703770705592320,2015-03-19 23:45:05,LiderDediÄŸin Ã–nSeÃ§imeGirer AdanalÄ±yÄ±m. Adana'ya bir tane yatÄ±rÄ±m yapmadÄ± akp.,,"Samsun
"
578703762971344897,2015-03-19 23:45:03,LiderDediÄŸin Ã–nSeÃ§imeGirer Ã–ÄŸrencilerin sorunlarÄ±na Ã§Ã¶zÃ¼m CHP'de. Ãœniversitelerden siyasi vesayet kalkacak!,,"Gaziantep, TÃ¼rkiye"
578703754440110080,2015-03-19 23:45:01,@halk_savunma HAYIRDIR YOLDASLARIMA ?? SIZ KIMLERDENSINIZ ?? haberimiz olmadan CHP yada HDP Yeni bir Ã–rgÃ¼tmÃ¼ Kurdu ??,,
578703751420198912,2015-03-19 23:45:00,LiderDediÄŸin Ã–nSeÃ§imeGirer KadÄ±n erkek eÅŸitliÄŸinin doÄŸaya aykÄ±rÄ± olduÄŸunu savunan AKP,,"Sakarya
"
578703747318214656,2015-03-19 23:44:59,LiderDediÄŸin Ã–nSeÃ§imeGirer Kendinden olmayanÄ± kafir belleyen akp mentalitesinden tiksiniyorum.,,"Ã‡ankÄ±rÄ±
"
578703739055374337,2015-03-19 23:44:57,HDP liler onrayn mÄ± ? #OEnSecimYapanTekParti,,Ankara-Erzurum
578703737629384704,2015-03-19 23:44:57,LiderDediÄŸin Ã–nSeÃ§imeGirer TÃ¼rkiye AKP'den Ã§ok yorulmuÅŸtur. http://t.co/UCxYI8PI2N,,"Sakarya
"
578703697980567552,2015-03-19 23:44:48,LiderDediÄŸin Ã–nSeÃ§imeGirer AKP'yi yazar kasayla gÃ¶nderecekler. Oh olur.,,
578703694763528193,2015-03-19 23:44:47,"@chp_yeni @Blackbird_1903 YarÄ± uyduruk haber, bugÃ¼ne kadar Sonar dan daha isabetli tahmin yapan ÅŸirket olmadÄ±.",,
578703690221154304,2015-03-19 23:44:46,"Rejim o kadar saÄŸa ve geriye gitti ki MHP meÅŸrulaÅŸtÄ±. AKP gitmeli, siyaset rahatlamalÄ±dÄ±r.  LiderDediÄŸin Ã–nSeÃ§imeGirer",,"Ordu
"
578703690162401280,2015-03-19 23:44:46,RT @orhantuna_anuto: #MHP+BBP=%30&gt; http://t.co/muoPQ1IqH0 DÄ°YENLER RT LÃœTFEN ...,,
578703687872286720,2015-03-19 23:44:45,Soma'nÄ±n hesabÄ±nÄ± sormak iÃ§in oylar CHP'ye  LiderDediÄŸin Ã–nSeÃ§imeGirer,,"KÄ±rklareli
"
578703684701446145,2015-03-19 23:44:44,"Ã‡iftÃ§iye, emekliye, Ã¶ÄŸrenciye kime ne yararÄ±n oldu AKP*  LiderDediÄŸin Ã–nSeÃ§imeGirer",,"Aksaray
"
578703676598026240,2015-03-19 23:44:42,"CHP, Ã¼lkemizin barÄ±ÅŸ ve huzurunu mutlaka saÄŸlamayÄ± hedeflemektedir.   LiderDediÄŸin Ã–nSeÃ§imeGirer",,"Hatay, TÃ¼rkiye"
578703674920304640,2015-03-19 23:44:42,RT @Hoscakal: @sebnemvns o zaman oylari AKP ye verelim...onlar oylari ssyarken biz  Kizil Devrim mi yapalim diyorsun?,,"New York, NY"
578703664543604736,2015-03-19 23:44:40,"AnkaragÃ¼cÃ¼ dÃ¼ÅŸtÃ¼, AKP de dÃ¼ÅŸecek!  LiderDediÄŸin Ã–nSeÃ§imeGirer",,"Sivas
"
578703661439852544,2015-03-19 23:44:39,LiderDediÄŸin Ã–nSeÃ§imeGirer Yoksulluk bitsin diye oyum CHP'ye,,
578703660592533504,2015-03-19 23:44:39,"Ä°ktidar dÃ¶velim, yerine CHP'yi getirelim. CHP'liyiz.  LiderDediÄŸin Ã–nSeÃ§imeGirer",,"UÅŸak
"
578703656033378304,2015-03-19 23:44:38,@hilalmuhafizi 30 Martta AK parti % 29 a geriledi demiÅŸti birisi. Utanmaz hala ortada ve chp de adaylÄ±k peÅŸinde http://t.co/TyBFfFaQgj,,
578703652816293888,2015-03-19 23:44:37,Akp ile ahlaksÄ±zlÄ±k almÄ±ÅŸ baÅŸÄ±nÄ± gidiyor   LiderDediÄŸin Ã–nSeÃ§imeGirer,,
578703631899336704,2015-03-19 23:44:32,"LiderDediÄŸin Ã–nSeÃ§imeGirer CHP, TÃ¼rkiye'de milletvekilleri iÃ§in Ã¶n seÃ§im yapan ""tek"" parti.",,
578703630972370944,2015-03-19 23:44:32,"AKP gidecek, kurtuluÅŸ gelecek  LiderDediÄŸin Ã–nSeÃ§imeGirer",,"Ä°stanbul, TÃ¼rkiye"
578703599695454208,2015-03-19 23:44:24,RT @birdahabak: Ä°nancÄ± uÄŸruna haksÄ±z yere hÃ¼kÃ¼m giyen birinin Ã¶ykÃ¼sÃ¼. #bizimhikaye @bizimhikayefilm http://t.co/82O8ElUPOg http://t.co/tWA1â€¦,,tÃ¼rkiye-ankara-tokat
578703594515488768,2015-03-19 23:44:23,KadÄ±nlarÄ±n saygÄ±n ve onurlu bir ÅŸekilde toplumsak yaÅŸamdaki yerini almasÄ± iÃ§in CHP  LiderDediÄŸin Ã–nSeÃ§imeGirer,,"KarabÃ¼k
"
578703593869611008,2015-03-19 23:44:23,"RT @mhalacoglutw: @dhainternet AKP iktidarÄ± BB DavutoÄŸlu'na TÃ¼rk milleti dÃ¼ÅŸman, PKK itleri dost oldu.",,
578703587070599171,2015-03-19 23:44:21,LiderDediÄŸin Ã–nSeÃ§imeGirer Akp 400 milletvekili hayali kurarken 150yi zor bulacak,,"Kastamonu
"
578703585527095297,2015-03-19 23:44:21,LiderDediÄŸin Ã–nSeÃ§imeGirer Akp ile kadÄ±nlarÄ±n payÄ±na dÃ¼ÅŸen tecavÃ¼z,,"K.maraÅŸ
"
578703573611102208,2015-03-19 23:44:18,LiderDediÄŸin Ã–nSeÃ§imeGirer akp Ã¼lkeyi geriyor.,,"KÄ±rÄ±kkale
"
578703566346567680,2015-03-19 23:44:16,Akp dÃ¶neminde sanayici mutsuz http://t.co/kJe5Nyz58l  LiderDediÄŸin Ã–nSeÃ§imeGirer,,"Mardin
"
578703560470368256,2015-03-19 23:44:15,"LiderDediÄŸin Ã–nSeÃ§imeGirer AKP zamanÄ±nda bonzai Ã§Ä±ktÄ±, Ã§ocuklar Ã¶lÃ¼yor.",,"Mardin
"
578703557001682944,2015-03-19 23:44:14,LiderDediÄŸin Ã–nSeÃ§imeGirer Bilimsel eÄŸitim iÃ§in CHP,,eskisehir
578703555483303936,2015-03-19 23:44:14,LiderDediÄŸin Ã–nSeÃ§imeGirer hoÅŸt akp,,tekirdag
578703554447306752,2015-03-19 23:44:13,"@ParlakciSait kantonlarin birlesmesi kuzey  kurdistana guc verir,HDP'nin de baraji asmasi kantonlara guc verir",,Kes nebÃ© Kurd dimirin...
578703552064929792,2015-03-19 23:44:13,"LiderDediÄŸin Ã–nSeÃ§imeGirer AKP ile kadÄ±nlarÄ±n payÄ±na dÃ¼ÅŸen Ã¶lÃ¼m, taciz, dayak, tecavÃ¼z",,* BaTMaN *
578703551196692480,2015-03-19 23:44:13,Evrensel hukuk deÄŸerlerinin yanÄ±nda olan tek parti CHP   LiderDediÄŸin Ã–nSeÃ§imeGirer,,"MuÅŸ
"
578703541356929024,2015-03-19 23:44:10,CHP'nin temel meselesi Ã¼lke sorunlarÄ±dÄ±r.  http://t.co/wlMo6wFGIa  LiderDediÄŸin Ã–nSeÃ§imeGirer,,"EskiÅŸehir
"
578703540417400833,2015-03-19 23:44:10,#Ã–nSeÃ§imYapanTekParti olan CHP'nin tam Sosyal Demokrat olmasÄ±na az kaldÄ±. Bir de eÅŸbaÅŸkanlÄ±k sistemi getirilse tamam olacak.,,Istanbul & London
578703500600807429,2015-03-19 23:44:00,RT @mhmtby: Samanyolu ve FEM'in YGS'deki baÅŸarÄ±sÄ± Mazhar BaÄŸlÄ±'nÄ±n nezdinde bÃ¼tÃ¼n AKP'li iftiracÄ± ve yalancÄ±lara KAPAK olsun :)) http://t.câ€¦,,
578703497157283840,2015-03-19 23:44:00,Metal iÅŸÃ§ilerinin grevinin yasaklanmasÄ±ndan akp sorumludur.   LiderDediÄŸin Ã–nSeÃ§imeGirer,,Ä°stanbul
578703495861239808,2015-03-19 23:43:59,RT @zamancomtr: Ä°smet Ã–zel'den AKP'ye aÄŸÄ±r eleÅŸtiriler  http://t.co/vydvisHq7n http://t.co/e56EQE2ndc,,
578703494837878784,2015-03-19 23:43:59,LiderDediÄŸin Ã–nSeÃ§imeGirer AKP ile kadÄ±nlarÄ±n payÄ±na dÃ¼ÅŸen Ã¶lÃ¼m!,,"Manisa
"
578703491272720384,2015-03-19 23:43:58,LiderDediÄŸin Ã–nSeÃ§imeGirer biz size inandÄ±k siz de chp ye inanÄ±n  http://t.co/jcM3C2BufQ,,muÄŸla
578703490211536896,2015-03-19 23:43:58,"LiderDediÄŸin Ã–nSeÃ§imeGirer CHP, insan haklarÄ±nÄ±n teminatÄ±dÄ±r.  http://t.co/0HPfYmlUwC",,"Sakarya
"
578703486461837313,2015-03-19 23:43:57,"CHP, Ã¶zgÃ¼rlÃ¼klerimizin teminatÄ±dÄ±r.  http://t.co/Jaw82KaWcE  LiderDediÄŸin Ã–nSeÃ§imeGirer",,"NiÄŸde
"
578703484767305728,2015-03-19 23:43:57,LiderDediÄŸin Ã–nSeÃ§imeGirer KÃ¶tÃ¼lÃ¼k Ã¼zerine kurduÄŸunuz bu sahte dÃ¼zen yÄ±kÄ±lacak. CHP Gelecek,,"Ã‡ankÄ±rÄ±
"
578703478614331392,2015-03-19 23:43:55,"LiderDediÄŸin Ã–nSeÃ§imeGirer Bu Ã¼lkenin baÅŸÄ±na gelen en bÃ¼yÃ¼k kÃ¶tÃ¼lÃ¼k akp iktidarÄ±ydÄ±, haziran herÅŸeyin miladÄ± olabilir.",,
578703472335429632,2015-03-19 23:43:54,kadÄ±nlar iÃ§in chp  http://t.co/NNNGiS6qRy  LiderDediÄŸin Ã–nSeÃ§imeGirer,,"Sinop
"
578703470351482880,2015-03-19 23:43:53,"LiderDediÄŸin Ã–nSeÃ§imeGirer GÃ¼Ã§lÃ¼ bir ekonomi, gÃ¼Ã§lÃ¼ bir hukuk sistemi ve yÃ¼ksek standartta bir demokrasi iÃ§in chp",,riyad
578703465955901440,2015-03-19 23:43:52,LiderDediÄŸin Ã–nSeÃ§imeGirer Yeter artÄ±k bu Akp'nin talan dÃ¼zeni; CHP Ä°KTÄ°DARA YÃœRÃœYOR,,"Tunceli
"
578703460712972289,2015-03-19 23:43:51,RT @oznser: Mustafa Ozan ÅER - CHP Istanbul 2. BÃ¶lge Aday AdayÄ± - Haziran 2015 Milletvekili SeÃ§imi https://t.co/4PJBWE3dbO,,Istanbul
578703455591755777,2015-03-19 23:43:50,LiderDediÄŸin Ã–nSeÃ§imeGirer  AKP bu memlekette rant kaygÄ±sÄ± olmadan bir tuÄŸlayÄ± yerinden oynatmamÄ±ÅŸtÄ±r.,,"Bursa
"
578703452752252928,2015-03-19 23:43:49,"Akp'nin yalancÄ± soytarÄ±larÄ±, yargÄ±lanacaksÄ±nÄ±z!   LiderDediÄŸin Ã–nSeÃ§imeGirer",,"Bursa
"
578703415993335809,2015-03-19 23:43:40,@_bruma_34 @Turkkizi1919 Åu anda lider arayÄ±ÅŸÄ±nda deÄŸiliz mesele AKP'ye anayasayÄ± deÄŸiÅŸtirecek sayÄ±ya ulaÅŸtÄ±rmamak solcu saÄŸcÄ± sandÄ±ÄŸa,,Kuzey Kafkasya'da
578703415515193344,2015-03-19 23:43:40,biz size inandÄ±k siz de chp ye inanÄ±n  http://t.co/95aUO4iHgY  LiderDediÄŸin Ã–nSeÃ§imeGirer,,
578703406577123328,2015-03-19 23:43:38,Bunlar deÄŸil miydi tarikatlarla el birliÄŸi iÃ§inde olan? AKP'ye Ã¶lÃ¼m.  LiderDediÄŸin Ã–nSeÃ§imeGirer,,"AdÄ±yaman
"
578703402529591298,2015-03-19 23:43:37,RT @dorduncuatlisi: ENGÄ°N ALAN VE SÄ°NAN OGAN I PARTÄ° DIÅINDA BIRAKAN MHP YÃ–NETÄ°MÄ°NÄ° VE BAHÃ‡ELÄ° NÄ°N AKP EYLE KOALÄ°SYONA HAZIRLANDIÄINI DÃœÅÃœNâ€¦,,
578703402240184320,2015-03-19 23:43:37,Oyum CHP'ye  LiderDediÄŸin Ã–nSeÃ§imeGirer,,
578703400537305088,2015-03-19 23:43:37,YÄ±kÄ±lacaksÄ±n AKP. Son gÃ¼n 7 Haziran  LiderDediÄŸin Ã–nSeÃ§imeGirer,,"Ä°stanbul, TÃ¼rkiye"
578703397286752256,2015-03-19 23:43:36,RT @O_KaanMHP: UykularÄ± kaÃ§Ä±yor. MHP Geliyor.  http://t.co/ryy0liXw0y http://t.co/9vJnSCf8FR,,
578703396825350144,2015-03-19 23:43:36,"Hepsi Halka KarÅŸÄ±dÄ±r ""AKP""  LiderDediÄŸin Ã–nSeÃ§imeGirer",,"Konya
"
578703378517213185,2015-03-19 23:43:31,@sebnemvns o zaman oylari AKP ye verelim...onlar oylari ssyarken biz  Kizil Devrim mi yapalim diyorsun?,,
578703377997176832,2015-03-19 23:43:31,Umut ve mutluluk iÃ§in CHP!  LiderDediÄŸin Ã–nSeÃ§imeGirer,,"Osmaniye
"
578703377049231360,2015-03-19 23:43:31,Sosyal adaletin adresi; CHP  LiderDediÄŸin Ã–nSeÃ§imeGirer,,"KÄ±rÄ±kkale
"
578703375006613505,2015-03-19 23:43:31,"Yine mi AKP maÄŸdur? Berkin'in annesine sorun siz acÄ±yÄ±, ezilmeyi, maÄŸduriyeti  http://t.co/1V1uTcEXNQ  LiderDediÄŸin Ã–nSeÃ§imeGirer",,"Ankara, TÃ¼rkiye"
578703374075473921,2015-03-19 23:43:30,LiderDediÄŸin Ã–nSeÃ§imeGirer AKP bir proje idi ve bu projenin sonuna gelindi. GÃ¼zel gÃ¼nler CHP ile gelecek.,,hatay
578703366961930240,2015-03-19 23:43:29,"HalkÄ±mÄ±z onurludur, namusludur, vicdanlÄ±dÄ±r! AKP haramilerine oy vermez!   LiderDediÄŸin Ã–nSeÃ§imeGirer",,"BartÄ±n
"
578703366500560897,2015-03-19 23:43:29,RT @DrSinanOgan: Bir Not: AKP 400 vekile ulaÅŸmak iÃ§in MHP ve CHP'nin flaÅŸ isimlerini liste dÄ±ÅŸÄ± bÄ±rakacak dahili dÃ¼menler peÅŸinde...,,
578703320572928000,2015-03-19 23:43:18,"LiderDediÄŸin Ã–nSeÃ§imeGirer ""Ã§ArÅŸÄ± grubuyla bile uÄŸraÅŸan bir iktidar istemiyoruz. Ã§ArÅŸÄ± akp'ye karÅŸÄ± ulan!",,"NevÅŸehir
"
578703313039929344,2015-03-19 23:43:16,RT @SonVesayet: Sayenizde 2.gÃ¼nÃ¼nde 50 bini geÃ§ti ve hala en fazla paylaÅŸÄ±lan video!  AKP'nin tarihe geÃ§ecek utanÃ§ vesikasÄ±!  https://t.co/â€¦,,
578703312989634560,2015-03-19 23:43:16,@fuatavni_f AKP BU VÄ°DEO'DA FENA UTANDI..! http://t.co/RXvRzi3Q3u http://t.co/RXvRzi3Q3u http://t.co/RXvRzi3Q3u http://t.co/RXvRzi3Q3u,,Ä°stanbul
578703312008118272,2015-03-19 23:43:16,LiderDediÄŸin Ã–nSeÃ§imeGirer IrkÃ§Ä±lÄ±ktan kurtulmak iÃ§in CHP,,
578703308338126848,2015-03-19 23:43:15,"LiderDediÄŸin Ã–nSeÃ§imeGirer BÃ¶ldÃ¼ler, parÃ§aladÄ±lar, parsel parsel sattÄ±lar Ã¼lkeyi! AKP'ye oy verme!",,istanbul
