2015-03-22 17:48:26,
2015-03-22 17:48:25,
2015-03-22 17:48:25,"RT @SonVesayet: ErdoÄŸan'Ä±n ""Ä°mralÄ± muhatap alÄ±namaz, HDP ile poz verilemez demesi"" tÃ¼m Ã§Ã¶zÃ¼m sÃ¼recinin inkarÄ± demek! Ne CHP ne de MHP, kimyâ€¦"
2015-03-22 17:48:25,"RT @SonVesayet: ErdoÄŸan'Ä±n ""Ä°mralÄ± muhatap alÄ±namaz, HDP ile poz verilemez demesi"" tÃ¼m Ã§Ã¶zÃ¼m sÃ¼recinin inkarÄ± demek! Ne CHP ne de MHP, kimyâ€¦"
2015-03-22 17:48:25,"RT @SonVesayet: ErdoÄŸan'Ä±n ""Ä°mralÄ± muhatap alÄ±namaz, HDP ile poz verilemez demesi"" tÃ¼m Ã§Ã¶zÃ¼m sÃ¼recinin inkarÄ± demek! Ne CHP ne de MHP, kimyâ€¦"
2015-03-22 17:48:25,"RT @SonVesayet: ErdoÄŸan'Ä±n ""Ä°mralÄ± muhatap alÄ±namaz, HDP ile poz verilemez demesi"" tÃ¼m Ã§Ã¶zÃ¼m sÃ¼recinin inkarÄ± demek! Ne CHP ne de MHP, kimyâ€¦"
2015-03-22 17:48:25,"RT @YesilFil: Son Dakika! AKP, #BizMilyonlarÄ±zErdaÄŸanlayÄ±z etiketini oluÅŸturan ama ErdoÄŸan'Ä±n ismini dahi doÄŸru yazamayan davar AK-Trolleriâ€¦"
2015-03-22 17:48:25,"RT @YesilFil: Son Dakika! AKP, #BizMilyonlarÄ±zErdaÄŸanlayÄ±z etiketini oluÅŸturan ama ErdoÄŸan'Ä±n ismini dahi doÄŸru yazamayan davar AK-Trolleriâ€¦"
2015-03-22 17:48:25,CHP'den HDP'ye destek  http://t.co/nI0JpElGJX http://t.co/QDNVQkyAYh
2015-03-22 17:48:24,CHP'den HDP'ye destek  http://t.co/nI0JpElGJX http://t.co/QDNVQkyAYh
2015-03-22 17:48:24,RT @2462Cano: evet biz geliyoruz ğŸ˜ƒ #HDP  #HDPdostlarÄ±takiplesiyor  #BizMilyonlarÄ±zSenTekBaÅŸÄ±nasÄ±n  #SeniBaskanYaptÄ±rmayacaÄŸÄ±z http://t.co/xâ€¦
2015-03-22 17:48:23,RT @2462Cano: evet biz geliyoruz ğŸ˜ƒ #HDP  #HDPdostlarÄ±takiplesiyor  #BizMilyonlarÄ±zSenTekBaÅŸÄ±nasÄ±n  #SeniBaskanYaptÄ±rmayacaÄŸÄ±z http://t.co/xâ€¦
2015-03-22 17:48:23,RT @2462Cano: evet biz geliyoruz ğŸ˜ƒ #HDP  #HDPdostlarÄ±takiplesiyor  #BizMilyonlarÄ±zSenTekBaÅŸÄ±nasÄ±n  #SeniBaskanYaptÄ±rmayacaÄŸÄ±z http://t.co/xâ€¦
2015-03-22 17:48:23,RT @2462Cano: evet biz geliyoruz ğŸ˜ƒ #HDP  #HDPdostlarÄ±takiplesiyor  #BizMilyonlarÄ±zSenTekBaÅŸÄ±nasÄ±n  #SeniBaskanYaptÄ±rmayacaÄŸÄ±z http://t.co/xâ€¦
2015-03-22 17:48:22,RT @2462Cano: evet biz geliyoruz ğŸ˜ƒ #HDP  #HDPdostlarÄ±takiplesiyor  #BizMilyonlarÄ±zSenTekBaÅŸÄ±nasÄ±n  #SeniBaskanYaptÄ±rmayacaÄŸÄ±z http://t.co/xâ€¦
2015-03-22 17:48:13,RT @2462Cano: evet biz geliyoruz ğŸ˜ƒ #HDP  #HDPdostlarÄ±takiplesiyor  #BizMilyonlarÄ±zSenTekBaÅŸÄ±nasÄ±n  #SeniBaskanYaptÄ±rmayacaÄŸÄ±z http://t.co/xâ€¦
2015-03-22 17:48:12,RT @2462Cano: evet biz geliyoruz ğŸ˜ƒ #HDP  #HDPdostlarÄ±takiplesiyor  #BizMilyonlarÄ±zSenTekBaÅŸÄ±nasÄ±n  #SeniBaskanYaptÄ±rmayacaÄŸÄ±z http://t.co/xâ€¦
2015-03-22 17:48:12,RT @2462Cano: evet biz geliyoruz ğŸ˜ƒ #HDP  #HDPdostlarÄ±takiplesiyor  #BizMilyonlarÄ±zSenTekBaÅŸÄ±nasÄ±n  #SeniBaskanYaptÄ±rmayacaÄŸÄ±z http://t.co/xâ€¦
2015-03-22 17:48:12,RT @2462Cano: evet biz geliyoruz ğŸ˜ƒ #HDP  #HDPdostlarÄ±takiplesiyor  #BizMilyonlarÄ±zSenTekBaÅŸÄ±nasÄ±n  #SeniBaskanYaptÄ±rmayacaÄŸÄ±z http://t.co/xâ€¦
2015-03-22 17:48:11,RT @TweetCHP: #CHP lideri @kilicdarogluk na TESEV 'ci Soroscu diyen @gurseltekin34 'den torpilli @barisyarkadas 'Ä± CHP'de istemiyoruz #CHPÄ°â€¦
2015-03-22 17:48:11,RT @TweetCHP: #CHP lideri @kilicdarogluk na TESEV 'ci Soroscu diyen @gurseltekin34 'den torpilli @barisyarkadas 'Ä± CHP'de istemiyoruz #CHPÄ°â€¦
2015-03-22 17:48:10,RT @mehmet_harmanc: Ben her zaman sÃ¶ylÃ¼yorum. Chp bugÃ¼n iktidar olsaydÄ± abartÄ±sÄ±z Apo ÅŸuan kÃ¼rdistan devlet baÅŸkanÄ± olmuÅŸtu.. http://t.co/9â€¦
2015-03-22 17:48:10,RT @mehmet_harmanc: Ben her zaman sÃ¶ylÃ¼yorum. Chp bugÃ¼n iktidar olsaydÄ± abartÄ±sÄ±z Apo ÅŸuan kÃ¼rdistan devlet baÅŸkanÄ± olmuÅŸtu.. http://t.co/9â€¦
2015-03-22 17:48:09,RT @mehmet_harmanc: Ben her zaman sÃ¶ylÃ¼yorum. Chp bugÃ¼n iktidar olsaydÄ± abartÄ±sÄ±z Apo ÅŸuan kÃ¼rdistan devlet baÅŸkanÄ± olmuÅŸtu.. http://t.co/9â€¦
2015-03-22 17:48:08,RT @TweetCHP: #CHP lideri @kilicdarogluk na TESEV 'ci Soroscu diyen @gurseltekin34 'den torpilli @barisyarkadas 'Ä± CHP'de istemiyoruz #CHPÄ°â€¦
2015-03-22 17:48:07,RT @TweetCHP: #CHP lideri @kilicdarogluk na TESEV 'ci Soroscu diyen @gurseltekin34 'den torpilli @barisyarkadas 'Ä± CHP'de istemiyoruz #CHPÄ°â€¦
2015-03-22 17:48:07,"RT @mustafabalbay: CHP KarÅŸÄ±yaka ilÃ§e Ã¶rgÃ¼tÃ¼mÃ¼zÃ¼n dÃ¼zenlediÄŸi, Demokrasi ÅŸÃ¶lenindeyiz. CHP iÃ§in tek hedef iktidardÄ±r.#izmir http://t.co/Bioâ€¦"
2015-03-22 17:48:06,"RT @mustafabalbay: CHP KarÅŸÄ±yaka ilÃ§e Ã¶rgÃ¼tÃ¼mÃ¼zÃ¼n dÃ¼zenlediÄŸi, Demokrasi ÅŸÃ¶lenindeyiz. CHP iÃ§in tek hedef iktidardÄ±r.#izmir http://t.co/Bioâ€¦"
2015-03-22 17:48:06,"RT @mustafabalbay: CHP KarÅŸÄ±yaka ilÃ§e Ã¶rgÃ¼tÃ¼mÃ¼zÃ¼n dÃ¼zenlediÄŸi, Demokrasi ÅŸÃ¶lenindeyiz. CHP iÃ§in tek hedef iktidardÄ±r.#izmir http://t.co/Bioâ€¦"
2015-03-22 17:48:05,"RT @mustafabalbay: CHP KarÅŸÄ±yaka ilÃ§e Ã¶rgÃ¼tÃ¼mÃ¼zÃ¼n dÃ¼zenlediÄŸi, Demokrasi ÅŸÃ¶lenindeyiz. CHP iÃ§in tek hedef iktidardÄ±r.#izmir http://t.co/Bioâ€¦"
2015-03-22 17:47:58,RT @TWlTTERSIYASET: Ecevit'in GÃ¼nahÄ± neydi? Kasa atan esnaf AKP'nin iÃ§inde ne arÄ±yorsun? KaÃ§ paraya yaptÄ±n o ÅŸovu? Neden attÄ±n o kasayÄ±? htâ€¦
2015-03-22 17:47:57,RT @TWlTTERSIYASET: Ecevit'in GÃ¼nahÄ± neydi? Kasa atan esnaf AKP'nin iÃ§inde ne arÄ±yorsun? KaÃ§ paraya yaptÄ±n o ÅŸovu? Neden attÄ±n o kasayÄ±? htâ€¦
2015-03-22 17:47:57,RT @TweetCHP: #CHP lideri @kilicdarogluk na TESEV 'ci Soroscu diyen @gurseltekin34 'den torpilli @barisyarkadas 'Ä± CHP'de istemiyoruz #CHPÄ°â€¦
2015-03-22 17:47:56,RT @TweetCHP: #CHP lideri @kilicdarogluk na TESEV 'ci Soroscu diyen @gurseltekin34 'den torpilli @barisyarkadas 'Ä± CHP'de istemiyoruz #CHPÄ°â€¦
2015-03-22 17:47:55,RT @TweetCHP: #CHP lideri @kilicdarogluk na TESEV 'ci Soroscu diyen @gurseltekin34 'den torpilli @barisyarkadas 'Ä± CHP'de istemiyoruz #CHPÄ°â€¦
2015-03-22 17:47:55,RT @TweetCHP: #CHP lideri @kilicdarogluk na TESEV 'ci Soroscu diyen @gurseltekin34 'den torpilli @barisyarkadas 'Ä± CHP'de istemiyoruz #CHPÄ°â€¦
2015-03-22 17:47:54,"""@AkEkip1: Ä°ÅŸte CHP'lileri korkutan o gÃ¶rÃ¼ntÃ¼! http://t.co/3ZNLql5Af4  [ ÃœmmetinLideri TayyipErdoÄŸan ] Yahudi SÃ¼fyanKerhanasÄ±nÄ±Chp'ye kurmuÅŸ"
2015-03-22 17:47:54,"""@AkEkip1: Ä°ÅŸte CHP'lileri korkutan o gÃ¶rÃ¼ntÃ¼! http://t.co/3ZNLql5Af4  [ ÃœmmetinLideri TayyipErdoÄŸan ] Yahudi SÃ¼fyanKerhanasÄ±nÄ±Chp'ye kurmuÅŸ"
2015-03-22 17:47:54,"""@AkEkip1: Ä°ÅŸte CHP'lileri korkutan o gÃ¶rÃ¼ntÃ¼! http://t.co/3ZNLql5Af4  [ ÃœmmetinLideri TayyipErdoÄŸan ] Yahudi SÃ¼fyanKerhanasÄ±nÄ±Chp'ye kurmuÅŸ"
2015-03-22 17:47:54,RT @TweetCHP: #CHP lideri @kilicdarogluk na TESEV 'ci Soroscu diyen @gurseltekin34 'den torpilli @barisyarkadas 'Ä± CHP'de istemiyoruz #CHPÄ°â€¦
2015-03-22 17:47:53,RT @TweetCHP: #CHP lideri @kilicdarogluk na TESEV 'ci Soroscu diyen @gurseltekin34 'den torpilli @barisyarkadas 'Ä± CHP'de istemiyoruz #CHPÄ°â€¦
2015-03-22 17:47:53,"RT @ahmetnas33: MHP'nin sloganÄ±:""Bizimle yÃ¼rÃ¼ TÃ¼rkiye!"" Siz yÃ¼rÃ¼yÃ¼n, biz AK PARTÄ° ile hÄ±zlÄ± trene, oto yola alÄ±ÅŸtÄ±k. YÃ¼rÃ¼yemeyiz sizinle biâ€¦"
2015-03-22 17:47:52,"RT @ahmetnas33: MHP'nin sloganÄ±:""Bizimle yÃ¼rÃ¼ TÃ¼rkiye!"" Siz yÃ¼rÃ¼yÃ¼n, biz AK PARTÄ° ile hÄ±zlÄ± trene, oto yola alÄ±ÅŸtÄ±k. YÃ¼rÃ¼yemeyiz sizinle biâ€¦"
2015-03-22 17:47:52,RT @TweetCHP: #CHP lideri @kilicdarogluk na TESEV 'ci Soroscu diyen @gurseltekin34 'den torpilli @barisyarkadas 'Ä± CHP'de istemiyoruz #CHPÄ°â€¦
2015-03-22 17:47:52,RT @TweetCHP: #CHP lideri @kilicdarogluk na TESEV 'ci Soroscu diyen @gurseltekin34 'den torpilli @barisyarkadas 'Ä± CHP'de istemiyoruz #CHPÄ°â€¦
2015-03-22 17:47:42,RT @TweetCHP: #CHP lideri @kilicdarogluk na TESEV 'ci Soroscu diyen @gurseltekin34 'den torpilli @barisyarkadas 'Ä± CHP'de istemiyoruz #CHPÄ°â€¦
2015-03-22 17:47:42,RT @TweetCHP: #CHP lideri @kilicdarogluk na TESEV 'ci Soroscu diyen @gurseltekin34 'den torpilli @barisyarkadas 'Ä± CHP'de istemiyoruz #CHPÄ°â€¦
2015-03-22 17:47:42,RT @2462Cano: evet biz geliyoruz ğŸ˜ƒ #HDP  #HDPdostlarÄ±takiplesiyor  #BizMilyonlarÄ±zSenTekBaÅŸÄ±nasÄ±n  #SeniBaskanYaptÄ±rmayacaÄŸÄ±z http://t.co/xâ€¦
2015-03-22 17:47:42,RT @2462Cano: evet biz geliyoruz ğŸ˜ƒ #HDP  #HDPdostlarÄ±takiplesiyor  #BizMilyonlarÄ±zSenTekBaÅŸÄ±nasÄ±n  #SeniBaskanYaptÄ±rmayacaÄŸÄ±z http://t.co/xâ€¦
2015-03-22 17:47:42,RT @2462Cano: evet biz geliyoruz ğŸ˜ƒ #HDP  #HDPdostlarÄ±takiplesiyor  #BizMilyonlarÄ±zSenTekBaÅŸÄ±nasÄ±n  #SeniBaskanYaptÄ±rmayacaÄŸÄ±z http://t.co/xâ€¦
2015-03-22 17:47:42,RT @2462Cano: evet biz geliyoruz ğŸ˜ƒ #HDP  #HDPdostlarÄ±takiplesiyor  #BizMilyonlarÄ±zSenTekBaÅŸÄ±nasÄ±n  #SeniBaskanYaptÄ±rmayacaÄŸÄ±z http://t.co/xâ€¦
2015-03-22 17:47:41,RT @2462Cano: evet biz geliyoruz ğŸ˜ƒ #HDP  #HDPdostlarÄ±takiplesiyor  #BizMilyonlarÄ±zSenTekBaÅŸÄ±nasÄ±n  #SeniBaskanYaptÄ±rmayacaÄŸÄ±z http://t.co/xâ€¦
2015-03-22 17:47:41,RT @TweetCHP: #CHP lideri @kilicdarogluk na TESEV 'ci Soroscu diyen @gurseltekin34 'den torpilli @barisyarkadas 'Ä± CHP'de istemiyoruz #CHPÄ°â€¦
2015-03-22 17:47:41,RT @TweetCHP: #CHP lideri @kilicdarogluk na TESEV 'ci Soroscu diyen @gurseltekin34 'den torpilli @barisyarkadas 'Ä± CHP'de istemiyoruz #CHPÄ°â€¦
2015-03-22 17:47:40,RT @TweetCHP: #CHP lideri @kilicdarogluk na TESEV 'ci Soroscu diyen @gurseltekin34 'den torpilli @barisyarkadas 'Ä± CHP'de istemiyoruz #CHPÄ°â€¦
2015-03-22 17:47:40,RT @TweetCHP: #CHP lideri @kilicdarogluk na TESEV 'ci Soroscu diyen @gurseltekin34 'den torpilli @barisyarkadas 'Ä± CHP'de istemiyoruz #CHPÄ°â€¦
2015-03-22 17:47:39,RT @TweetCHP: #CHP lideri @kilicdarogluk na TESEV 'ci Soroscu diyen @gurseltekin34 'den torpilli @barisyarkadas 'Ä± CHP'de istemiyoruz #CHPÄ°â€¦
2015-03-22 17:47:39,RT @2462Cano: evet biz geliyoruz ğŸ˜ƒ #HDP  #HDPdostlarÄ±takiplesiyor  #BizMilyonlarÄ±zSenTekBaÅŸÄ±nasÄ±n  #SeniBaskanYaptÄ±rmayacaÄŸÄ±z http://t.co/xâ€¦
2015-03-22 17:47:39,RT @2462Cano: evet biz geliyoruz ğŸ˜ƒ #HDP  #HDPdostlarÄ±takiplesiyor  #BizMilyonlarÄ±zSenTekBaÅŸÄ±nasÄ±n  #SeniBaskanYaptÄ±rmayacaÄŸÄ±z http://t.co/xâ€¦
2015-03-22 17:47:39,RT @2462Cano: evet biz geliyoruz ğŸ˜ƒ #HDP  #HDPdostlarÄ±takiplesiyor  #BizMilyonlarÄ±zSenTekBaÅŸÄ±nasÄ±n  #SeniBaskanYaptÄ±rmayacaÄŸÄ±z http://t.co/xâ€¦
2015-03-22 17:47:29,RT @2462Cano: evet biz geliyoruz ğŸ˜ƒ #HDP  #HDPdostlarÄ±takiplesiyor  #BizMilyonlarÄ±zSenTekBaÅŸÄ±nasÄ±n  #SeniBaskanYaptÄ±rmayacaÄŸÄ±z http://t.co/xâ€¦
2015-03-22 17:47:29,RT @2462Cano: evet biz geliyoruz ğŸ˜ƒ #HDP  #HDPdostlarÄ±takiplesiyor  #BizMilyonlarÄ±zSenTekBaÅŸÄ±nasÄ±n  #SeniBaskanYaptÄ±rmayacaÄŸÄ±z http://t.co/xâ€¦
2015-03-22 17:47:28,RT @2462Cano: evet biz geliyoruz ğŸ˜ƒ #HDP  #HDPdostlarÄ±takiplesiyor  #BizMilyonlarÄ±zSenTekBaÅŸÄ±nasÄ±n  #SeniBaskanYaptÄ±rmayacaÄŸÄ±z http://t.co/xâ€¦
2015-03-22 17:47:28,RT @genculkuculer: MHP VE BBP'NÄ°N   BÄ°RLEÅMESÄ°NÄ° Ä°STÄ°YORSAN RT YAP KÄ°  @Mustafa_Destici  VE  @dbdevletbahceli GÃ–RSÃœN! http://t.co/J5Z4dzBNkx
2015-03-22 17:47:28,RT @genculkuculer: MHP VE BBP'NÄ°N   BÄ°RLEÅMESÄ°NÄ° Ä°STÄ°YORSAN RT YAP KÄ°  @Mustafa_Destici  VE  @dbdevletbahceli GÃ–RSÃœN! http://t.co/J5Z4dzBNkx
2015-03-22 17:47:27,RT @genculkuculer: MHP VE BBP'NÄ°N   BÄ°RLEÅMESÄ°NÄ° Ä°STÄ°YORSAN RT YAP KÄ°  @Mustafa_Destici  VE  @dbdevletbahceli GÃ–RSÃœN! http://t.co/J5Z4dzBNkx
2015-03-22 17:47:26,RT @genculkuculer: MHP VE BBP'NÄ°N   BÄ°RLEÅMESÄ°NÄ° Ä°STÄ°YORSAN RT YAP KÄ°  @Mustafa_Destici  VE  @dbdevletbahceli GÃ–RSÃœN! http://t.co/J5Z4dzBNkx
2015-03-22 17:47:26,"RT @bozkurthkn1071: BaktÄ± ki oylar MHP'ye kayÄ±yor, kendi baÅŸlattÄ±ÄŸÄ± ""PKK sÃ¼reci""ne Ã§attÄ± ! #SatilmayizSattirmayiz  http://t.co/1eV4KI6Iaz hâ€¦"
2015-03-22 17:47:26,"RT @bozkurthkn1071: BaktÄ± ki oylar MHP'ye kayÄ±yor, kendi baÅŸlattÄ±ÄŸÄ± ""PKK sÃ¼reci""ne Ã§attÄ± ! #SatilmayizSattirmayiz  http://t.co/1eV4KI6Iaz hâ€¦"
2015-03-22 17:47:26,"RT @bozkurthkn1071: BaktÄ± ki oylar MHP'ye kayÄ±yor, kendi baÅŸlattÄ±ÄŸÄ± ""PKK sÃ¼reci""ne Ã§attÄ± ! #SatilmayizSattirmayiz  http://t.co/1eV4KI6Iaz hâ€¦"
2015-03-22 17:47:25,"RT @bozkurthkn1071: BaktÄ± ki oylar MHP'ye kayÄ±yor, kendi baÅŸlattÄ±ÄŸÄ± ""PKK sÃ¼reci""ne Ã§attÄ± ! #SatilmayizSattirmayiz  http://t.co/1eV4KI6Iaz hâ€¦"
2015-03-22 17:47:25,"RT @bozkurthkn1071: BaktÄ± ki oylar MHP'ye kayÄ±yor, kendi baÅŸlattÄ±ÄŸÄ± ""PKK sÃ¼reci""ne Ã§attÄ± ! #SatilmayizSattirmayiz  http://t.co/1eV4KI6Iaz hâ€¦"
2015-03-22 17:47:25,Ä°ÅTE GERÃ‡EK CHP ZÄ°HNÄ°YETÄ°....  KEMALÄ°ZM DENÄ°LEN TEK DÄ°ÅÄ° KALMIÅ CANAVAR 90 KUSUR YILLIK TARÄ°HÄ° http://t.co/mo2kuFUumz
2015-03-22 17:47:25,RT @TweetCHP: #CHP lideri @kilicdarogluk na TESEV 'ci Soroscu diyen @gurseltekin34 'den torpilli @barisyarkadas 'Ä± CHP'de istemiyoruz #CHPÄ°â€¦
2015-03-22 17:47:25,RT @TweetCHP: #CHP lideri @kilicdarogluk na TESEV 'ci Soroscu diyen @gurseltekin34 'den torpilli @barisyarkadas 'Ä± CHP'de istemiyoruz #CHPÄ°â€¦
2015-03-22 17:47:18,RT @TweetCHP: #CHP lideri @kilicdarogluk na TESEV 'ci Soroscu diyen @gurseltekin34 'den torpilli @barisyarkadas 'Ä± CHP'de istemiyoruz #CHPÄ°â€¦
2015-03-22 17:47:17,RT @TweetCHP: #CHP lideri @kilicdarogluk na TESEV 'ci Soroscu diyen @gurseltekin34 'den torpilli @barisyarkadas 'Ä± CHP'de istemiyoruz #CHPÄ°â€¦
2015-03-22 17:47:17,RT @TweetCHP: #CHP lideri @kilicdarogluk na TESEV 'ci Soroscu diyen @gurseltekin34 'den torpilli @barisyarkadas 'Ä± CHP'de istemiyoruz #CHPÄ°â€¦
2015-03-22 17:47:17,RT @TweetCHP: #CHP lideri @kilicdarogluk na TESEV 'ci Soroscu diyen @gurseltekin34 'den torpilli @barisyarkadas 'Ä± CHP'de istemiyoruz #CHPÄ°â€¦
2015-03-22 17:47:15,RT @TweetCHP: #CHP lideri @kilicdarogluk na TESEV 'ci Soroscu diyen @gurseltekin34 'den torpilli @barisyarkadas 'Ä± CHP'de istemiyoruz #CHPÄ°â€¦
2015-03-22 17:47:15,RT @TweetCHP: #CHP lideri @kilicdarogluk na TESEV 'ci Soroscu diyen @gurseltekin34 'den torpilli @barisyarkadas 'Ä± CHP'de istemiyoruz #CHPÄ°â€¦
2015-03-22 17:47:15,RT @TweetCHP: #CHP lideri @kilicdarogluk na TESEV 'ci Soroscu diyen @gurseltekin34 'den torpilli @barisyarkadas 'Ä± CHP'de istemiyoruz #CHPÄ°â€¦
2015-03-22 17:47:14,RT @TweetCHP: #CHP lideri @kilicdarogluk na TESEV 'ci Soroscu diyen @gurseltekin34 'den torpilli @barisyarkadas 'Ä± CHP'de istemiyoruz #CHPÄ°â€¦
2015-03-22 17:47:13,RT @TweetCHP: #CHP lideri @kilicdarogluk na TESEV 'ci Soroscu diyen @gurseltekin34 'den torpilli @barisyarkadas 'Ä± CHP'de istemiyoruz #CHPÄ°â€¦
2015-03-22 17:47:13,RT @TweetCHP: #CHP lideri @kilicdarogluk na TESEV 'ci Soroscu diyen @gurseltekin34 'den torpilli @barisyarkadas 'Ä± CHP'de istemiyoruz #CHPÄ°â€¦
2015-03-22 17:47:12,RT @TweetCHP: #CHP lideri @kilicdarogluk na TESEV 'ci Soroscu diyen @gurseltekin34 'den torpilli @barisyarkadas 'Ä± CHP'de istemiyoruz #CHPÄ°â€¦
2015-03-22 17:47:12,RT @TweetCHP: #CHP lideri @kilicdarogluk na TESEV 'ci Soroscu diyen @gurseltekin34 'den torpilli @barisyarkadas 'Ä± CHP'de istemiyoruz #CHPÄ°â€¦
2015-03-22 17:47:12,RT @TweetCHP: #CHP lideri @kilicdarogluk na TESEV 'ci Soroscu diyen @gurseltekin34 'den torpilli @barisyarkadas 'Ä± CHP'de istemiyoruz #CHPÄ°â€¦
2015-03-22 17:47:12,"RT @mrtctn99: ""AKP yol arkadaÅŸlarÄ±nÄ± sattÄ±."" ""BaÅŸkanlÄ±k gelirse on yÄ±l daha dipte kalÄ±rÄ±z."" #SatÄ±lmayÄ±zSattÄ±rmayÄ±z http://t.co/X2CSxxZosg"
2015-03-22 17:47:12,RT @TweetCHP: #CHP lideri @kilicdarogluk na TESEV 'ci Soroscu diyen @gurseltekin34 'den torpilli @barisyarkadas 'Ä± CHP'de istemiyoruz #CHPÄ°â€¦
2015-03-22 17:47:02,RT @TweetCHP: #CHP lideri @kilicdarogluk na TESEV 'ci Soroscu diyen @gurseltekin34 'den torpilli @barisyarkadas 'Ä± CHP'de istemiyoruz #CHPÄ°â€¦
2015-03-22 17:47:02,RT @TweetCHP: #CHP lideri @kilicdarogluk na TESEV 'ci Soroscu diyen @gurseltekin34 'den torpilli @barisyarkadas 'Ä± CHP'de istemiyoruz #CHPÄ°â€¦
2015-03-22 17:47:02,RT @TweetCHP: #CHP lideri @kilicdarogluk na TESEV 'ci Soroscu diyen @gurseltekin34 'den torpilli @barisyarkadas 'Ä± CHP'de istemiyoruz #CHPÄ°â€¦
2015-03-22 17:47:02,RT @TweetCHP: #CHP lideri @kilicdarogluk na TESEV 'ci Soroscu diyen @gurseltekin34 'den torpilli @barisyarkadas 'Ä± CHP'de istemiyoruz #CHPÄ°â€¦
2015-03-22 17:47:01,RT @TweetCHP: #CHP lideri @kilicdarogluk na TESEV 'ci Soroscu diyen @gurseltekin34 'den torpilli @barisyarkadas 'Ä± CHP'de istemiyoruz #CHPÄ°â€¦
2015-03-22 17:47:01,RT @TweetCHP: #CHP lideri @kilicdarogluk na TESEV 'ci Soroscu diyen @gurseltekin34 'den torpilli @barisyarkadas 'Ä± CHP'de istemiyoruz #CHPÄ°â€¦
2015-03-22 17:47:00,RT @TweetCHP: #CHP lideri @kilicdarogluk na TESEV 'ci Soroscu diyen @gurseltekin34 'den torpilli @barisyarkadas 'Ä± CHP'de istemiyoruz #CHPÄ°â€¦
2015-03-22 17:47:00,RT @TweetCHP: #CHP lideri @kilicdarogluk na TESEV 'ci Soroscu diyen @gurseltekin34 'den torpilli @barisyarkadas 'Ä± CHP'de istemiyoruz #CHPÄ°â€¦
2015-03-22 17:47:00,RT @TweetCHP: #CHP lideri @kilicdarogluk na TESEV 'ci Soroscu diyen @gurseltekin34 'den torpilli @barisyarkadas 'Ä± CHP'de istemiyoruz #CHPÄ°â€¦
2015-03-22 17:47:00,RT @TweetCHP: #CHP lideri @kilicdarogluk na TESEV 'ci Soroscu diyen @gurseltekin34 'den torpilli @barisyarkadas 'Ä± CHP'de istemiyoruz #CHPÄ°â€¦
2015-03-22 17:47:00,RT @TweetCHP: #CHP lideri @kilicdarogluk na TESEV 'ci Soroscu diyen @gurseltekin34 'den torpilli @barisyarkadas 'Ä± CHP'de istemiyoruz #CHPÄ°â€¦
2015-03-22 17:47:00,RT @TweetCHP: #CHP lideri @kilicdarogluk na TESEV 'ci Soroscu diyen @gurseltekin34 'den torpilli @barisyarkadas 'Ä± CHP'de istemiyoruz #CHPÄ°â€¦
2015-03-22 17:47:00,RT @TweetCHP: #CHP lideri @kilicdarogluk na TESEV 'ci Soroscu diyen @gurseltekin34 'den torpilli @barisyarkadas 'Ä± CHP'de istemiyoruz #CHPÄ°â€¦
2015-03-22 17:47:00,RT @TweetCHP: #CHP lideri @kilicdarogluk na TESEV 'ci Soroscu diyen @gurseltekin34 'den torpilli @barisyarkadas 'Ä± CHP'de istemiyoruz #CHPÄ°â€¦
2015-03-22 17:47:00,RT @TweetCHP: #CHP lideri @kilicdarogluk na TESEV 'ci Soroscu diyen @gurseltekin34 'den torpilli @barisyarkadas 'Ä± CHP'de istemiyoruz #CHPÄ°â€¦
2015-03-22 17:46:50,RT @TweetCHP: #CHP lideri @kilicdarogluk na TESEV 'ci Soroscu diyen @gurseltekin34 'den torpilli @barisyarkadas 'Ä± CHP'de istemiyoruz #CHPÄ°â€¦
2015-03-22 17:46:50,RT @TweetCHP: #CHP lideri @kilicdarogluk na TESEV 'ci Soroscu diyen @gurseltekin34 'den torpilli @barisyarkadas 'Ä± CHP'de istemiyoruz #CHPÄ°â€¦
2015-03-22 17:46:50,RT @TweetCHP: #CHP lideri @kilicdarogluk na TESEV 'ci Soroscu diyen @gurseltekin34 'den torpilli @barisyarkadas 'Ä± CHP'de istemiyoruz #CHPÄ°â€¦
2015-03-22 17:46:50,RT @1071_hurkan: #MHP GÃœMBÃœR GÃœMBÃœR GELÄ°YOR !   http://t.co/nQa9lPOApo   #BizimleYÃ¼rÃ¼TÃ¼rkiyeMHP http://t.co/E0FRegTSy8
2015-03-22 17:46:49,RT @TweetCHP: #CHP lideri @kilicdarogluk na TESEV 'ci Soroscu diyen @gurseltekin34 'den torpilli @barisyarkadas 'Ä± CHP'de istemiyoruz #CHPÄ°â€¦
2015-03-22 17:46:49,RT @TweetCHP: #CHP lideri @kilicdarogluk na TESEV 'ci Soroscu diyen @gurseltekin34 'den torpilli @barisyarkadas 'Ä± CHP'de istemiyoruz #CHPÄ°â€¦
2015-03-22 17:46:49,RT @TweetCHP: #CHP lideri @kilicdarogluk na TESEV 'ci Soroscu diyen @gurseltekin34 'den torpilli @barisyarkadas 'Ä± CHP'de istemiyoruz #CHPÄ°â€¦
2015-03-22 17:46:48,RT @TweetCHP: #CHP lideri @kilicdarogluk na TESEV 'ci Soroscu diyen @gurseltekin34 'den torpilli @barisyarkadas 'Ä± CHP'de istemiyoruz #CHPÄ°â€¦
2015-03-22 17:46:48,RT @TweetCHP: #CHP lideri @kilicdarogluk na TESEV 'ci Soroscu diyen @gurseltekin34 'den torpilli @barisyarkadas 'Ä± CHP'de istemiyoruz #CHPÄ°â€¦
2015-03-22 17:46:47,RT @TweetCHP: #CHP lideri @kilicdarogluk na TESEV 'ci Soroscu diyen @gurseltekin34 'den torpilli @barisyarkadas 'Ä± CHP'de istemiyoruz #CHPÄ°â€¦
2015-03-22 17:46:47,RT @TweetCHP: #CHP lideri @kilicdarogluk na TESEV 'ci Soroscu diyen @gurseltekin34 'den torpilli @barisyarkadas 'Ä± CHP'de istemiyoruz #CHPÄ°â€¦
2015-03-22 17:46:46,RT @TweetCHP: #CHP lideri @kilicdarogluk na TESEV 'ci Soroscu diyen @gurseltekin34 'den torpilli @barisyarkadas 'Ä± CHP'de istemiyoruz #CHPÄ°â€¦
2015-03-22 17:46:46,RT @TweetCHP: #CHP lideri @kilicdarogluk na TESEV 'ci Soroscu diyen @gurseltekin34 'den torpilli @barisyarkadas 'Ä± CHP'de istemiyoruz #CHPÄ°â€¦
2015-03-22 17:46:46,RT @TweetCHP: #CHP lideri @kilicdarogluk na TESEV 'ci Soroscu diyen @gurseltekin34 'den torpilli @barisyarkadas 'Ä± CHP'de istemiyoruz #CHPÄ°â€¦
2015-03-22 17:46:46,RT @bumerang17_25: AKP de aday belirleme sÃ¼recinde Havuzun yanÄ±nda CNN ve NTV den de birer temsilci olmasÄ± normaldir. Penguen kardeÅŸliÄŸi vaâ€¦
2015-03-22 17:49:43,RT @1DUAZAMANI: MHP VE BBP'NÄ°N   BÄ°RLEÅMESÄ°NÄ° Ä°STÄ°YORSAN RT YAP KÄ°  SY @Mustafa_Destici  VE  SY @dbdevletbahceli GÃ–RSÃœN! http://t.co/WeEeFuâ€¦
2015-03-22 17:49:42,RT @1DUAZAMANI: MHP VE BBP'NÄ°N   BÄ°RLEÅMESÄ°NÄ° Ä°STÄ°YORSAN RT YAP KÄ°  SY @Mustafa_Destici  VE  SY @dbdevletbahceli GÃ–RSÃœN! http://t.co/WeEeFuâ€¦
2015-03-22 17:49:42,"RT @YesilFil: Son Dakika! AKP, #BizMilyonlarÄ±zErdaÄŸanlayÄ±z etiketini oluÅŸturan ama ErdoÄŸan'Ä±n ismini dahi doÄŸru yazamayan davar AK-Trolleriâ€¦"
2015-03-22 17:49:41,"RT @YesilFil: Son Dakika! AKP, #BizMilyonlarÄ±zErdaÄŸanlayÄ±z etiketini oluÅŸturan ama ErdoÄŸan'Ä±n ismini dahi doÄŸru yazamayan davar AK-Trolleriâ€¦"
2015-03-22 17:49:40,"RT @YesilFil: Son Dakika! AKP, #BizMilyonlarÄ±zErdaÄŸanlayÄ±z etiketini oluÅŸturan ama ErdoÄŸan'Ä±n ismini dahi doÄŸru yazamayan davar AK-Trolleriâ€¦"
2015-03-22 17:49:36,"RT @YesilFil: Son Dakika! AKP, #BizMilyonlarÄ±zErdaÄŸanlayÄ±z etiketini oluÅŸturan ama ErdoÄŸan'Ä±n ismini dahi doÄŸru yazamayan davar AK-Trolleriâ€¦"
2015-03-22 17:49:34,"RT @YesilFil: Son Dakika! AKP, #BizMilyonlarÄ±zErdaÄŸanlayÄ±z etiketini oluÅŸturan ama ErdoÄŸan'Ä±n ismini dahi doÄŸru yazamayan davar AK-Trolleriâ€¦"
2015-03-22 17:49:33,"RT @YesilFil: Son Dakika! AKP, #BizMilyonlarÄ±zErdaÄŸanlayÄ±z etiketini oluÅŸturan ama ErdoÄŸan'Ä±n ismini dahi doÄŸru yazamayan davar AK-Trolleriâ€¦"
2015-03-22 17:49:32,RT @nihadagenc: AKP oy kaybettikÃ§e o saÃ§malÄ±yor!  http://t.co/JBKHAUxDQt http://t.co/DBl0x0l8Kq
2015-03-22 17:49:32,RT @nihadagenc: AKP oy kaybettikÃ§e o saÃ§malÄ±yor!  http://t.co/JBKHAUxDQt http://t.co/DBl0x0l8Kq
2015-03-22 17:49:30,RT @nihadagenc: AKP oy kaybettikÃ§e o saÃ§malÄ±yor!  http://t.co/JBKHAUxDQt http://t.co/DBl0x0l8Kq
2015-03-22 17:49:30,RT @gazetesozcu: AKP ve ErdoÄŸan arasÄ±ndaki tartÄ±ÅŸmaya Egemen BaÄŸÄ±ÅŸ da katÄ±ldÄ± http://t.co/BUzEzqkkon http://t.co/ibDrIoHfrp
2015-03-22 17:49:29,RT @gazetesozcu: AKP ve ErdoÄŸan arasÄ±ndaki tartÄ±ÅŸmaya Egemen BaÄŸÄ±ÅŸ da katÄ±ldÄ± http://t.co/BUzEzqkkon http://t.co/ibDrIoHfrp
2015-03-22 17:49:28,RT @gazetesozcu: AKP ve ErdoÄŸan arasÄ±ndaki tartÄ±ÅŸmaya Egemen BaÄŸÄ±ÅŸ da katÄ±ldÄ± http://t.co/BUzEzqkkon http://t.co/ibDrIoHfrp
2015-03-22 17:49:28,RT @gazetesozcu: AKP ve ErdoÄŸan arasÄ±ndaki tartÄ±ÅŸmaya Egemen BaÄŸÄ±ÅŸ da katÄ±ldÄ± http://t.co/BUzEzqkkon http://t.co/ibDrIoHfrp
2015-03-22 17:49:16,RT @gazetesozcu: AKP ve ErdoÄŸan arasÄ±ndaki tartÄ±ÅŸmaya Egemen BaÄŸÄ±ÅŸ da katÄ±ldÄ± http://t.co/BUzEzqkkon http://t.co/ibDrIoHfrp
2015-03-22 17:49:16,RT @gazetesozcu: AKP ve ErdoÄŸan arasÄ±ndaki tartÄ±ÅŸmaya Egemen BaÄŸÄ±ÅŸ da katÄ±ldÄ± http://t.co/BUzEzqkkon http://t.co/ibDrIoHfrp
2015-03-22 17:49:15,RT @TweetCHP: #CHP lideri @kilicdarogluk na TESEV 'ci Soroscu diyen @gurseltekin34 'den torpilli @barisyarkadas 'Ä± CHP'de istemiyoruz #CHPÄ°â€¦
2015-03-22 17:49:15,RT @TweetCHP: #CHP lideri @kilicdarogluk na TESEV 'ci Soroscu diyen @gurseltekin34 'den torpilli @barisyarkadas 'Ä± CHP'de istemiyoruz #CHPÄ°â€¦
2015-03-22 17:49:15,RT @TweetCHP: #CHP lideri @kilicdarogluk na TESEV 'ci Soroscu diyen @gurseltekin34 'den torpilli @barisyarkadas 'Ä± CHP'de istemiyoruz #CHPÄ°â€¦
2015-03-22 17:49:15,RT @TweetCHP: #CHP lideri @kilicdarogluk na TESEV 'ci Soroscu diyen @gurseltekin34 'den torpilli @barisyarkadas 'Ä± CHP'de istemiyoruz #CHPÄ°â€¦
2015-03-22 17:49:14,RT @TweetCHP: #CHP lideri @kilicdarogluk na TESEV 'ci Soroscu diyen @gurseltekin34 'den torpilli @barisyarkadas 'Ä± CHP'de istemiyoruz #CHPÄ°â€¦
2015-03-22 17:49:13,RT @genculkuculer: Yuh.. AKP'li Ãœmraniye Belediyesi Kur'an'a makara diye hakaret eden egemen baÄŸÄ±ÅŸa Ä°mam Hatip Ortaokulu temeli attÄ±rdÄ± httâ€¦
2015-03-22 17:49:10,RT @TweetCHP: #CHP lideri @kilicdarogluk na TESEV 'ci Soroscu diyen @gurseltekin34 'den torpilli @barisyarkadas 'Ä± CHP'de istemiyoruz #CHPÄ°â€¦
2015-03-22 17:49:10,RT @shaber_com: O partiden CHP'ye yeÅŸil Ä±ÅŸÄ±k http://t.co/YQ1Yjr5GNz http://t.co/yLha7fQhNN
2015-03-22 17:49:10,RT @shaber_com: O partiden CHP'ye yeÅŸil Ä±ÅŸÄ±k http://t.co/YQ1Yjr5GNz http://t.co/yLha7fQhNN
2015-03-22 17:49:09,RT @shaber_com: O partiden CHP'ye yeÅŸil Ä±ÅŸÄ±k http://t.co/YQ1Yjr5GNz http://t.co/yLha7fQhNN
2015-03-22 17:49:09,RT @shaber_com: O partiden CHP'ye yeÅŸil Ä±ÅŸÄ±k http://t.co/YQ1Yjr5GNz http://t.co/yLha7fQhNN
2015-03-22 17:49:08,RT @shaber_com: O partiden CHP'ye yeÅŸil Ä±ÅŸÄ±k http://t.co/YQ1Yjr5GNz http://t.co/yLha7fQhNN
2015-03-22 17:49:07,RT @TweetCHP: #CHP lideri @kilicdarogluk na TESEV 'ci Soroscu diyen @gurseltekin34 'den torpilli @barisyarkadas 'Ä± CHP'de istemiyoruz #CHPÄ°â€¦
2015-03-22 17:49:00,RT @TweetCHP: #CHP lideri @kilicdarogluk na TESEV 'ci Soroscu diyen @gurseltekin34 'den torpilli @barisyarkadas 'Ä± CHP'de istemiyoruz #CHPÄ°â€¦
2015-03-22 17:48:59,RT @34fuzuli34: Bir anket!!!! MHP-BBP-SP  anketler % 35 olarak Ã§Ä±kÄ±yor. Bu milli ittifaka evet diyenler   //RT// lÃ¼tfen.. @34fuzuli34 http:â€¦
2015-03-22 17:48:58,"RT @TrigerOsman: DM'den Gelenler...!  CHP'ye OY Ä°stemek Ä°Ã§in, Kur'an-Ä± Kerim'e El BastÄ±rmÄ±ÅŸlar.  Ä°ÅŸte HaÅŸhaÅŸilik Budur. http://t.co/ifCO4Ncâ€¦"
2015-03-22 17:48:57,"RT @TrigerOsman: DM'den Gelenler...!  CHP'ye OY Ä°stemek Ä°Ã§in, Kur'an-Ä± Kerim'e El BastÄ±rmÄ±ÅŸlar.  Ä°ÅŸte HaÅŸhaÅŸilik Budur. http://t.co/ifCO4Ncâ€¦"
2015-03-22 17:48:57,"RT @TrigerOsman: DM'den Gelenler...!  CHP'ye OY Ä°stemek Ä°Ã§in, Kur'an-Ä± Kerim'e El BastÄ±rmÄ±ÅŸlar.  Ä°ÅŸte HaÅŸhaÅŸilik Budur. http://t.co/ifCO4Ncâ€¦"
2015-03-22 17:48:57,"RT @TrigerOsman: DM'den Gelenler...!  CHP'ye OY Ä°stemek Ä°Ã§in, Kur'an-Ä± Kerim'e El BastÄ±rmÄ±ÅŸlar.  Ä°ÅŸte HaÅŸhaÅŸilik Budur. http://t.co/ifCO4Ncâ€¦"
2015-03-22 17:48:56,"RT @TrigerOsman: DM'den Gelenler...!  CHP'ye OY Ä°stemek Ä°Ã§in, Kur'an-Ä± Kerim'e El BastÄ±rmÄ±ÅŸlar.  Ä°ÅŸte HaÅŸhaÅŸilik Budur. http://t.co/ifCO4Ncâ€¦"
2015-03-22 17:48:55,"RT @TrigerOsman: DM'den Gelenler...!  CHP'ye OY Ä°stemek Ä°Ã§in, Kur'an-Ä± Kerim'e El BastÄ±rmÄ±ÅŸlar.  Ä°ÅŸte HaÅŸhaÅŸilik Budur. http://t.co/ifCO4Ncâ€¦"
2015-03-22 17:48:54,"RT @TrigerOsman: DM'den Gelenler...!  CHP'ye OY Ä°stemek Ä°Ã§in, Kur'an-Ä± Kerim'e El BastÄ±rmÄ±ÅŸlar.  Ä°ÅŸte HaÅŸhaÅŸilik Budur. http://t.co/ifCO4Ncâ€¦"
2015-03-22 17:48:54,"RT @TrigerOsman: DM'den Gelenler...!  CHP'ye OY Ä°stemek Ä°Ã§in, Kur'an-Ä± Kerim'e El BastÄ±rmÄ±ÅŸlar.  Ä°ÅŸte HaÅŸhaÅŸilik Budur. http://t.co/ifCO4Ncâ€¦"
2015-03-22 17:48:53,"RT @TrigerOsman: DM'den Gelenler...!  CHP'ye OY Ä°stemek Ä°Ã§in, Kur'an-Ä± Kerim'e El BastÄ±rmÄ±ÅŸlar.  Ä°ÅŸte HaÅŸhaÅŸilik Budur. http://t.co/ifCO4Ncâ€¦"
2015-03-22 17:48:53,"RT @TrigerOsman: DM'den Gelenler...!  CHP'ye OY Ä°stemek Ä°Ã§in, Kur'an-Ä± Kerim'e El BastÄ±rmÄ±ÅŸlar.  Ä°ÅŸte HaÅŸhaÅŸilik Budur. http://t.co/ifCO4Ncâ€¦"
2015-03-22 17:48:52,"RT @TrigerOsman: DM'den Gelenler...!  CHP'ye OY Ä°stemek Ä°Ã§in, Kur'an-Ä± Kerim'e El BastÄ±rmÄ±ÅŸlar.  Ä°ÅŸte HaÅŸhaÅŸilik Budur. http://t.co/ifCO4Ncâ€¦"
2015-03-22 17:48:51,"RT @TrigerOsman: DM'den Gelenler...!  CHP'ye OY Ä°stemek Ä°Ã§in, Kur'an-Ä± Kerim'e El BastÄ±rmÄ±ÅŸlar.  Ä°ÅŸte HaÅŸhaÅŸilik Budur. http://t.co/ifCO4Ncâ€¦"
2015-03-22 17:48:50,"RT @TrigerOsman: DM'den Gelenler...!  CHP'ye OY Ä°stemek Ä°Ã§in, Kur'an-Ä± Kerim'e El BastÄ±rmÄ±ÅŸlar.  Ä°ÅŸte HaÅŸhaÅŸilik Budur. http://t.co/ifCO4Ncâ€¦"
2015-03-22 17:48:41,"RT @TrigerOsman: DM'den Gelenler...!  CHP'ye OY Ä°stemek Ä°Ã§in, Kur'an-Ä± Kerim'e El BastÄ±rmÄ±ÅŸlar.  Ä°ÅŸte HaÅŸhaÅŸilik Budur. http://t.co/ifCO4Ncâ€¦"
2015-03-22 17:48:39,"RT @TrigerOsman: DM'den Gelenler...!  CHP'ye OY Ä°stemek Ä°Ã§in, Kur'an-Ä± Kerim'e El BastÄ±rmÄ±ÅŸlar.  Ä°ÅŸte HaÅŸhaÅŸilik Budur. http://t.co/ifCO4Ncâ€¦"
2015-03-22 17:48:36,RT @vakurkarakter: HDP'de sadece DemirtaÅŸ mÄ± baÄŸlamasÄ±yla Ã§alÄ±p sÃ¶yler? Vekilimiz Ayla Akat da var..Pukeleka / (ZÄ±vÄ±stano) https://t.co/Vjoâ€¦
2015-03-22 17:48:36,RT @vakurkarakter: HDP'de sadece DemirtaÅŸ mÄ± baÄŸlamasÄ±yla Ã§alÄ±p sÃ¶yler? Vekilimiz Ayla Akat da var..Pukeleka / (ZÄ±vÄ±stano) https://t.co/Vjoâ€¦
2015-03-22 17:48:35,RT @cumhuriyetgzt: Tarhan: CHP ile ittifak yapabiliriz  http://t.co/7Xiplho3qj http://t.co/bqdtOXiBcc
2015-03-22 17:48:35,RT @cumhuriyetgzt: Tarhan: CHP ile ittifak yapabiliriz  http://t.co/7Xiplho3qj http://t.co/bqdtOXiBcc
2015-03-22 17:48:33,Pkk'lÄ± kÃ¼rtler benim kardeÅŸim deÄŸil!  Akp'ye desteÄŸini esirgemeyenlere de hakkÄ±m haramdÄ±r!  Bilinsin...
2015-03-22 17:48:32,RT @1071_hurkan: #MHP GÃœMBÃœR GÃœMBÃœR GELÄ°YOR !   http://t.co/nQa9lPOApo   #BizimleYÃ¼rÃ¼TÃ¼rkiyeMHP http://t.co/E0FRegTSy8
2015-03-22 17:48:32,RT @hoyratturan: Ä°mralÄ± canisinin mektubunun okunmasÄ±nÄ± milli Ã§Ã¶zÃ¼m olarak gÃ¶ren akp medyasÄ±. YazÄ±klar olsun!  #SatÄ±lmayÄ±zSattÄ±rmayÄ±z http:â€¦
2015-03-22 17:48:32,RT @hoyratturan: Ä°mralÄ± canisinin mektubunun okunmasÄ±nÄ± milli Ã§Ã¶zÃ¼m olarak gÃ¶ren akp medyasÄ±. YazÄ±klar olsun!  #SatÄ±lmayÄ±zSattÄ±rmayÄ±z http:â€¦
2015-03-22 17:48:31,RT @hoyratturan: Ä°mralÄ± canisinin mektubunun okunmasÄ±nÄ± milli Ã§Ã¶zÃ¼m olarak gÃ¶ren akp medyasÄ±. YazÄ±klar olsun!  #SatÄ±lmayÄ±zSattÄ±rmayÄ±z http:â€¦
2015-03-22 17:48:31,RT @hoyratturan: Ä°mralÄ± canisinin mektubunun okunmasÄ±nÄ± milli Ã§Ã¶zÃ¼m olarak gÃ¶ren akp medyasÄ±. YazÄ±klar olsun!  #SatÄ±lmayÄ±zSattÄ±rmayÄ±z http:â€¦
2015-03-22 17:48:30,RT @hoyratturan: Ä°mralÄ± canisinin mektubunun okunmasÄ±nÄ± milli Ã§Ã¶zÃ¼m olarak gÃ¶ren akp medyasÄ±. YazÄ±klar olsun!  #SatÄ±lmayÄ±zSattÄ±rmayÄ±z http:â€¦
2015-03-22 17:48:27,RT @hoyratturan: Ä°mralÄ± canisinin mektubunun okunmasÄ±nÄ± milli Ã§Ã¶zÃ¼m olarak gÃ¶ren akp medyasÄ±. YazÄ±klar olsun!  #SatÄ±lmayÄ±zSattÄ±rmayÄ±z http:â€¦
2015-03-22 17:48:27,RT @hoyratturan: Ä°mralÄ± canisinin mektubunun okunmasÄ±nÄ± milli Ã§Ã¶zÃ¼m olarak gÃ¶ren akp medyasÄ±. YazÄ±klar olsun!  #SatÄ±lmayÄ±zSattÄ±rmayÄ±z http:â€¦
2015-03-22 17:48:22,RT @hoyratturan: Ä°mralÄ± canisinin mektubunun okunmasÄ±nÄ± milli Ã§Ã¶zÃ¼m olarak gÃ¶ren akp medyasÄ±. YazÄ±klar olsun!  #SatÄ±lmayÄ±zSattÄ±rmayÄ±z http:â€¦
2015-03-22 17:48:22,RT @hoyratturan: Ä°mralÄ± canisinin mektubunun okunmasÄ±nÄ± milli Ã§Ã¶zÃ¼m olarak gÃ¶ren akp medyasÄ±. YazÄ±klar olsun!  #SatÄ±lmayÄ±zSattÄ±rmayÄ±z http:â€¦
2015-03-22 17:48:22,RT @hoyratturan: Ä°mralÄ± canisinin mektubunun okunmasÄ±nÄ± milli Ã§Ã¶zÃ¼m olarak gÃ¶ren akp medyasÄ±. YazÄ±klar olsun!  #SatÄ±lmayÄ±zSattÄ±rmayÄ±z http:â€¦
2015-03-22 17:48:22,RT @genculkuculer: MHP VE BBP'NÄ°N   BÄ°RLEÅMESÄ°NÄ° Ä°STÄ°YORSAN RT YAP KÄ°  @Mustafa_Destici  VE  @dbdevletbahceli GÃ–RSÃœN! http://t.co/J5Z4dzBNkx
2015-03-22 17:48:20,RT @genculkuculer: MHP VE BBP'NÄ°N   BÄ°RLEÅMESÄ°NÄ° Ä°STÄ°YORSAN RT YAP KÄ°  @Mustafa_Destici  VE  @dbdevletbahceli GÃ–RSÃœN! http://t.co/J5Z4dzBNkx
2015-03-22 17:48:20,RT @genculkuculer: MHP VE BBP'NÄ°N   BÄ°RLEÅMESÄ°NÄ° Ä°STÄ°YORSAN RT YAP KÄ°  @Mustafa_Destici  VE  @dbdevletbahceli GÃ–RSÃœN! http://t.co/J5Z4dzBNkx
2015-03-22 17:48:18,RT @CHP1881_: TERÃ–RÄ°ST BAÅI Ã–CALAN'IN HAKAN FÄ°DAN AÅKI Ã–CALAN Ä°STEDÄ° FÄ°DAN GÃ–REVE Ä°ADE EDÄ°LDÄ° AKP=PKK KOL KOLA ÃœLKEYÄ° SATIYORLAR http://t.câ€¦
2015-03-22 17:48:17,RT @CHP1881_: TERÃ–RÄ°ST BAÅI Ã–CALAN'IN HAKAN FÄ°DAN AÅKI Ã–CALAN Ä°STEDÄ° FÄ°DAN GÃ–REVE Ä°ADE EDÄ°LDÄ° AKP=PKK KOL KOLA ÃœLKEYÄ° SATIYORLAR http://t.câ€¦
2015-03-22 17:48:17,RT @CHP1881_: TERÃ–RÄ°ST BAÅI Ã–CALAN'IN HAKAN FÄ°DAN AÅKI Ã–CALAN Ä°STEDÄ° FÄ°DAN GÃ–REVE Ä°ADE EDÄ°LDÄ° AKP=PKK KOL KOLA ÃœLKEYÄ° SATIYORLAR http://t.câ€¦
2015-03-22 17:48:17,RT @CHP1881_: TERÃ–RÄ°ST BAÅI Ã–CALAN'IN HAKAN FÄ°DAN AÅKI Ã–CALAN Ä°STEDÄ° FÄ°DAN GÃ–REVE Ä°ADE EDÄ°LDÄ° AKP=PKK KOL KOLA ÃœLKEYÄ° SATIYORLAR http://t.câ€¦
2015-03-22 17:48:17,"Oylar MHP'ye kaydÄ±kÃ§a yakÄ±nda ÅŸÃ¶yle bir aÃ§Ä±klama yapmasÄ±nÄ± bekliyoruz.. KandÄ±rÄ±ldÄ±m... Ã‡Ã¶zÃ¼m SÃ¼reci' de ne ya.. http://t.co/7RlH6FX7kH"""
2015-03-22 17:48:16,"Oylar MHP'ye kaydÄ±kÃ§a yakÄ±nda ÅŸÃ¶yle bir aÃ§Ä±klama yapmasÄ±nÄ± bekliyoruz.. KandÄ±rÄ±ldÄ±m... Ã‡Ã¶zÃ¼m SÃ¼reci' de ne ya.. http://t.co/7RlH6FX7kH"""
2015-03-22 17:48:16,"Oylar MHP'ye kaydÄ±kÃ§a yakÄ±nda ÅŸÃ¶yle bir aÃ§Ä±klama yapmasÄ±nÄ± bekliyoruz.. KandÄ±rÄ±ldÄ±m... Ã‡Ã¶zÃ¼m SÃ¼reci' de ne ya.. http://t.co/7RlH6FX7kH"""
2015-03-22 17:48:15,"Oylar MHP'ye kaydÄ±kÃ§a yakÄ±nda ÅŸÃ¶yle bir aÃ§Ä±klama yapmasÄ±nÄ± bekliyoruz.. KandÄ±rÄ±ldÄ±m... Ã‡Ã¶zÃ¼m SÃ¼reci' de ne ya.. http://t.co/7RlH6FX7kH"""
2015-03-22 17:48:15,"Oylar MHP'ye kaydÄ±kÃ§a yakÄ±nda ÅŸÃ¶yle bir aÃ§Ä±klama yapmasÄ±nÄ± bekliyoruz.. KandÄ±rÄ±ldÄ±m... Ã‡Ã¶